[{"brand":"Zara","url":"https:\/\/www.zara.com\/us\/en\/xl-crossbody-bag-limited-edition-p13325320.html","name":"XL CROSSBODY BAG LIMITED EDITION","description":"Extra large soft crossbody bag. Main compartment underneath flap has zip closure. Two small interior pockets, one with zip closure. Has an adjustable shoulder strap.\n\nHeight x Length x Width: 11.8 x 19.3 x 11.4 inches (30 x 49 x 29 cm)\n\nLimited edition.","price":69.9,"currency":"USD","images":"['https:\/\/static.zara.net\/photos\/\/\/2024\/V\/1\/2\/p\/3325\/320\/800\/2\/w\/1920\/3325320800_1_1_1.jpg?ts=1707215616881', 'https:\/\/static.zara.net\/photos\/\/\/2024\/V\/1\/2\/p\/3325\/320\/800\/2\/w\/1920\/3325320800_2_1_1.jpg?ts=1707215618456', 'https:\/\/static.zara.net\/photos\/\/\/2024\/V\/1\/2\/p\/3325\/320\/800\/2\/w\/1920\/3325320800_2_2_1.jpg?ts=1707215617966', 'https:\/\/static.zara.net\/photos\/\/\/2024\/V\/1\/2\/p\/3325\/320\/800\/2\/w\/1920\/3325320800_6_1_1.jpg?ts=1705056373152', 'https:\/\/static.zara.net\/photos\/\/\/2024\/V\/1\/2\/p\/3325\/320\/800\/2\/w\/1920\/3325320800_6_2_1.jpg?ts=1705056373142', 'https:\/\/static.zara.net\/photos\/\/\/2024\/V\/1\/2\/p\/3325\/320\/800\/2\/w\/1920\/3325320800_6_3_1.jpg?ts=1705056373147', 'https:\/\/static.zara.net\/photos\/\/\/2024\/V\/1\/2\/p\/3325\/320\/800\/2\/w\/1920\/3325320800_6_4_1.jpg?ts=1705056372843']","terms":"bags","section":"MAN"},{"brand":"Zara","url":"https:\/\/www.zara.com\/us\/en\/nappa-leather-mini-crossbody-bag-p13906320.html","name":"NAPPA LEATHER MINI CROSSBODY BAG","description":"Crossbody bag. Made of leather. Main compartment with double hidden magnetic closure and flap. Interior features a flat pocket. Another flat pocket beneath flap. Adjustable shoulder strap.\n\nHeight x Length x Width: 4.9 x 7.1 x 1.2 inches (12.5 x 18 x 3 cm)","price":69.9,"currency":"USD","images":"['https:\/\/static.zara.net\/photos\/\/\/2024\/V\/1\/2\/p\/3906\/320\/800\/2\/w\/1920\/3906320800_2_1_1.jpg?ts=1707921680656', 'https:\/\/static.zara.net\/photos\/\/\/2024\/V\/1\/2\/p\/3906\/320\/800\/2\/w\/1920\/3906320800_2_2_1.jpg?ts=1707921680920', 'https:\/\/static.zara.net\/photos\/\/\/2024\/V\/1\/2\/p\/3906\/320\/800\/2\/w\/1920\/3906320800_2_3_1.jpg?ts=1707921680920', 'https:\/\/static.zara.net\/photos\/\/\/2024\/V\/1\/2\/p\/3906\/320\/800\/2\/w\/1920\/3906320800_6_1_1.jpg?ts=1706106405758', 'https:\/\/static.zara.net\/photos\/\/\/2024\/V\/1\/2\/p\/3906\/320\/800\/2\/w\/1920\/3906320800_6_2_1.jpg?ts=1706106406480', 'https:\/\/static.zara.net\/photos\/\/\/2024\/V\/1\/2\/p\/3906\/320\/800\/2\/w\/1920\/3906320800_6_3_1.jpg?ts=1706106405808', 'https:\/\/static.zara.net\/photos\/\/\/2024\/V\/1\/2\/p\/3906\/320\/800\/2\/w\/1920\/3906320800_6_4_1.jpg?ts=1706106405782']","terms":"bags","section":"MAN"},{"brand":"Zara","url":"https:\/\/www.zara.com\/us\/en\/rigid-rubberized-crossbody-bag-p13665220.html","name":"RIGID MINI CROSSBODY BOX BAG","description":"Rigid rectangular mini crossbody bag. Main compartment with zip closure and flat interior pocket. Adjustable and removable shoulder strap. \n\nHeight x Length x Width: 4.3 x 7.1 x 2.4 inches (11 x 18 x 6 cm)","price":25.99,"currency":"USD","images":"['https:\/\/static.zara.net\/photos\/\/\/2024\/V\/1\/2\/p\/3665\/220\/800\/2\/w\/1920\/3665220800_2_1_1.jpg?ts=1700736014252', 'https:\/\/static.zara.net\/photos\/\/\/2024\/V\/1\/2\/p\/3665\/220\/800\/2\/w\/1920\/3665220800_2_2_1.jpg?ts=1700736014237', 'https:\/\/static.zara.net\/photos\/\/\/2024\/V\/1\/2\/p\/3665\/220\/800\/2\/w\/1920\/3665220800_6_1_1.jpg?ts=1699977416499', 'https:\/\/static.zara.net\/photos\/\/\/2024\/V\/1\/2\/p\/3665\/220\/800\/2\/w\/1920\/3665220800_6_2_1.jpg?ts=1699977416518', 'https:\/\/static.zara.net\/photos\/\/\/2024\/V\/1\/2\/p\/3665\/220\/800\/2\/w\/1920\/3665220800_6_3_1.jpg?ts=1699977416539', 'https:\/\/static.zara.net\/photos\/\/\/2024\/V\/1\/2\/p\/3665\/220\/800\/2\/w\/1920\/3665220800_6_4_1.jpg?ts=1699977416522']","terms":"bags","section":"MAN"},{"brand":"Zara","url":"https:\/\/www.zara.com\/us\/en\/flap-backpack-p13209320.html","name":"FLAP BACKPACK","description":"Solid color backpack with minimalist design. Main compartment with dual magnetic closure. One large interior pocket for electronic devices up to 13 inches, and another smaller zip pocket. Features one handle and two adjustable quilted shoulder straps.","price":69.9,"currency":"USD","images":"['https:\/\/static.zara.net\/photos\/\/\/2024\/V\/1\/2\/p\/3209\/320\/800\/2\/w\/1920\/3209320800_2_1_1.jpg?ts=1704454766396', 'https:\/\/static.zara.net\/photos\/\/\/2024\/V\/1\/2\/p\/3209\/320\/800\/2\/w\/1920\/3209320800_2_2_1.jpg?ts=1704454766551', 'https:\/\/static.zara.net\/photos\/\/\/2024\/V\/1\/2\/p\/3209\/320\/800\/2\/w\/1920\/3209320800_6_1_1.jpg?ts=1702306467631', 'https:\/\/static.zara.net\/photos\/\/\/2024\/V\/1\/2\/p\/3209\/320\/800\/2\/w\/1920\/3209320800_6_2_1.jpg?ts=1702306467591', 'https:\/\/static.zara.net\/photos\/\/\/2024\/V\/1\/2\/p\/3209\/320\/800\/2\/w\/1920\/3209320800_6_3_1.jpg?ts=1702306468264', 'https:\/\/static.zara.net\/photos\/\/\/2024\/V\/1\/2\/p\/3209\/320\/800\/2\/w\/1920\/3209320800_6_4_1.jpg?ts=1702306467988', 'https:\/\/static.zara.net\/photos\/\/\/2024\/V\/1\/2\/p\/3209\/320\/800\/2\/w\/1920\/3209320800_6_5_1.jpg?ts=1702306467895']","terms":"bags","section":"MAN"},{"brand":"Zara","url":"https:\/\/www.zara.com\/us\/en\/textured-mini-crossbody-bag-p13501320.html","name":"TEXTURED MINI CROSSBODY BAG","description":"Crossbody bag. Two compartments with magnetic flap closure. Main compartment features a large open pocket and a small zip pocket. The other compartment has a zip closure. Adjustable and removable shoulder strap. Removable coin purse with magnetic closure.\n\nHeight x Length x Width: 5.1 x 7.9 x 3\u00a0inches (13 x 20 x 7.5\u00a0cm)\nCoin Purse Height x Length x Width: 2.6 x 3 x 1.6 inches (6.5 x 7.5 x 4 cm)","price":49.9,"currency":"USD","images":"['https:\/\/static.zara.net\/photos\/\/\/2024\/V\/1\/2\/p\/3501\/320\/800\/2\/w\/1920\/3501320800_2_1_1.jpg?ts=1706003329612', 'https:\/\/static.zara.net\/photos\/\/\/2024\/V\/1\/2\/p\/3501\/320\/800\/2\/w\/1920\/3501320800_2_2_1.jpg?ts=1706003330510', 'https:\/\/static.zara.net\/photos\/\/\/2024\/V\/1\/2\/p\/3501\/320\/800\/2\/w\/1920\/3501320800_6_1_1.jpg?ts=1700826960081', 'https:\/\/static.zara.net\/photos\/\/\/2024\/V\/1\/2\/p\/3501\/320\/800\/2\/w\/1920\/3501320800_6_2_1.jpg?ts=1700826960067', 'https:\/\/static.zara.net\/photos\/\/\/2024\/V\/1\/2\/p\/3501\/320\/800\/2\/w\/1920\/3501320800_6_3_1.jpg?ts=1700826960074', 'https:\/\/static.zara.net\/photos\/\/\/2024\/V\/1\/2\/p\/3501\/320\/800\/2\/w\/1920\/3501320800_6_4_1.jpg?ts=1700826960071']","terms":"bags","section":"MAN"}]