[{"brand":"Zara","url":"https:\/\/www.zara.com\/us\/en\/wool-blend-double-breasted-blazer-p04158675.html","name":"WOOL BLEND DOUBLE BREASTED BLAZER","description":"Relaxed fit blazer made with wool. Pointed lapel collar and long sleeves with buttoned cuffs. Welt pockets at hip and interior pocket. Central vent at back hem. Front double breasted button closure.","price":169.0,"currency":"USD","images":"['https:\/\/static.zara.net\/photos\/\/\/2024\/V\/0\/2\/p\/4158\/675\/707\/2\/w\/1920\/4158675707_2_1_1.jpg?ts=1704882198314', 'https:\/\/static.zara.net\/photos\/\/\/2024\/V\/0\/2\/p\/4158\/675\/707\/2\/w\/1920\/4158675707_2_5_1.jpg?ts=1704882199895', 'https:\/\/static.zara.net\/photos\/\/\/2024\/V\/0\/2\/p\/4158\/675\/707\/2\/w\/1920\/4158675707_1_1_1.jpg?ts=1704882197656', 'https:\/\/static.zara.net\/photos\/\/\/2024\/V\/0\/2\/p\/4158\/675\/707\/2\/w\/1920\/4158675707_2_2_1.jpg?ts=1704882198225', 'https:\/\/static.zara.net\/photos\/\/\/2024\/V\/0\/2\/p\/4158\/675\/707\/2\/w\/1920\/4158675707_2_3_1.jpg?ts=1704882197884', 'https:\/\/static.zara.net\/photos\/\/\/2024\/V\/0\/2\/p\/4158\/675\/707\/2\/w\/1920\/4158675707_2_4_1.jpg?ts=1704882200624', 'https:\/\/static.zara.net\/photos\/\/\/2024\/V\/0\/2\/p\/4158\/675\/707\/2\/w\/1920\/4158675707_6_1_1.jpg?ts=1704701697935', 'https:\/\/static.zara.net\/photos\/\/\/2024\/V\/0\/2\/p\/4158\/675\/707\/2\/w\/1920\/4158675707_6_2_1.jpg?ts=1704701698003', 'https:\/\/static.zara.net\/photos\/\/\/2024\/V\/0\/2\/p\/4158\/675\/707\/2\/w\/1920\/4158675707_6_3_1.jpg?ts=1704701699119']","terms":"blazers","section":"MAN"},{"brand":"Zara","url":"https:\/\/www.zara.com\/us\/en\/stretch-blazer-p05070435.html","name":"STRETCH BLAZER","description":"Straight fit blazer made of high stretch fabric. Notched lapel collar and long sleeves. Welt pockets at hip and interior pocket. Back vent. Front button closure.","price":69.9,"currency":"USD","images":"['https:\/\/static.zara.net\/photos\/\/\/2024\/V\/0\/2\/p\/5070\/435\/400\/2\/w\/1920\/5070435400_1_1_1.jpg?ts=1704205346174', 'https:\/\/static.zara.net\/photos\/\/\/2024\/V\/0\/2\/p\/5070\/435\/400\/2\/w\/1920\/5070435400_2_1_1.jpg?ts=1704205347606', 'https:\/\/static.zara.net\/photos\/\/\/2024\/V\/0\/2\/p\/5070\/435\/400\/2\/w\/1920\/5070435400_2_2_1.jpg?ts=1704205347923', 'https:\/\/static.zara.net\/photos\/\/\/2024\/V\/0\/2\/p\/5070\/435\/400\/2\/w\/1920\/5070435400_2_3_1.jpg?ts=1704205347769', 'https:\/\/static.zara.net\/photos\/\/\/2024\/V\/0\/2\/p\/5070\/435\/400\/2\/w\/1920\/5070435400_2_4_1.jpg?ts=1704205347906', 'https:\/\/static.zara.net\/photos\/\/\/2024\/V\/0\/2\/p\/5070\/435\/400\/2\/w\/1920\/5070435400_2_5_1.jpg?ts=1704205348353', 'https:\/\/static.zara.net\/photos\/\/\/2023\/I\/0\/2\/p\/5070\/435\/400\/2\/w\/1920\/5070435400_6_1_1.jpg?ts=1698131562326', 'https:\/\/static.zara.net\/photos\/\/\/2023\/I\/0\/2\/p\/5070\/435\/400\/2\/w\/1920\/5070435400_6_2_1.jpg?ts=1698131562318', 'https:\/\/static.zara.net\/photos\/\/\/2023\/I\/0\/2\/p\/5070\/435\/400\/2\/w\/1920\/5070435400_6_3_1.jpg?ts=1698131562582']","terms":"blazers","section":"MAN"},{"brand":"Zara","url":"https:\/\/www.zara.com\/us\/en\/wool-blend-blazer-style-vest-p04234813.html","name":"WOOL BLEND BLAZER STYLE VEST","description":"Blazer style vest made of wool blend fabric. Notched lapel collar. Sleeveless. Flap pockets at hip and interior pocket. Central vent at back hem. Front button closure.","price":89.9,"currency":"USD","images":"['https:\/\/static.zara.net\/photos\/\/\/2024\/V\/0\/2\/p\/4234\/813\/800\/2\/w\/1920\/4234813800_1_1_1.jpg?ts=1706881805222', 'https:\/\/static.zara.net\/photos\/\/\/2024\/V\/0\/2\/p\/4234\/813\/800\/2\/w\/1920\/4234813800_2_1_1.jpg?ts=1706881806217', 'https:\/\/static.zara.net\/photos\/\/\/2024\/V\/0\/2\/p\/4234\/813\/800\/2\/w\/1920\/4234813800_2_2_1.jpg?ts=1706881806127', 'https:\/\/static.zara.net\/photos\/\/\/2024\/V\/0\/2\/p\/4234\/813\/800\/2\/w\/1920\/4234813800_2_3_1.jpg?ts=1706881804901', 'https:\/\/static.zara.net\/photos\/\/\/2024\/V\/0\/2\/p\/4234\/813\/800\/2\/w\/1920\/4234813800_2_4_1.jpg?ts=1706881806564', 'https:\/\/static.zara.net\/photos\/\/\/2024\/V\/0\/2\/p\/4234\/813\/800\/2\/w\/1920\/4234813800_2_5_1.jpg?ts=1706881806448', 'https:\/\/static.zara.net\/photos\/\/\/2024\/V\/0\/2\/p\/4234\/813\/800\/2\/w\/1920\/4234813800_6_1_1.jpg?ts=1705999659088', 'https:\/\/static.zara.net\/photos\/\/\/2024\/V\/0\/2\/p\/4234\/813\/800\/2\/w\/1920\/4234813800_6_2_1.jpg?ts=1705999659039', 'https:\/\/static.zara.net\/photos\/\/\/2024\/V\/0\/2\/p\/4234\/813\/800\/2\/w\/1920\/4234813800_6_3_1.jpg?ts=1705999660583']","terms":"blazers","section":"MAN"},{"brand":"Zara","url":"https:\/\/www.zara.com\/us\/en\/pinstripe-blazer-p04105149.html","name":"PINSTRIPE BLAZER","description":"Regular fit blazer made of wool blend fabric.\n\nNotched lapel collar and long sleeves with buttoned cuffs. Welt pocket at chest and flap pockets at hip. Interior pocket. Back vents. Front button closure.\n\nOrigins special collection.","price":229.0,"currency":"USD","images":"['https:\/\/static.zara.net\/photos\/\/\/2024\/V\/0\/2\/p\/4105\/149\/801\/2\/w\/1920\/4105149801_1_1_1.jpg?ts=1701345810877', 'https:\/\/static.zara.net\/photos\/\/\/2024\/V\/0\/2\/p\/4105\/149\/801\/2\/w\/1920\/4105149801_2_1_1.jpg?ts=1701345812092', 'https:\/\/static.zara.net\/photos\/\/\/2024\/V\/0\/2\/p\/4105\/149\/801\/2\/w\/1920\/4105149801_2_2_1.jpg?ts=1701345812383', 'https:\/\/static.zara.net\/photos\/\/\/2024\/V\/0\/2\/p\/4105\/149\/801\/2\/w\/1920\/4105149801_2_3_1.jpg?ts=1701345810425', 'https:\/\/static.zara.net\/photos\/\/\/2024\/V\/0\/2\/p\/4105\/149\/801\/2\/w\/1920\/4105149801_2_4_1.jpg?ts=1701345815276', 'https:\/\/static.zara.net\/photos\/\/\/2024\/V\/0\/2\/p\/4105\/149\/801\/2\/w\/1920\/4105149801_2_5_1.jpg?ts=1701345812571', 'https:\/\/static.zara.net\/photos\/\/\/2024\/V\/0\/2\/p\/4105\/149\/801\/2\/w\/1920\/4105149801_6_1_1.jpg?ts=1701183934353', 'https:\/\/static.zara.net\/photos\/\/\/2024\/V\/0\/2\/p\/4105\/149\/801\/2\/w\/1920\/4105149801_6_2_1.jpg?ts=1701183934953', 'https:\/\/static.zara.net\/photos\/\/\/2024\/V\/0\/2\/p\/4105\/149\/801\/2\/w\/1920\/4105149801_6_3_1.jpg?ts=1701183936969']","terms":"blazers","section":"MAN"},{"brand":"Zara","url":"https:\/\/www.zara.com\/us\/en\/velvet-kimono-shirt-limited-edition-p04078006.html","name":"VELVET KIMONO SHIRT LIMITED EDITION","description":"Relaxed fit shirt made of viscose. Notched lapel collar and long sleeves with buttoned cuffs. Front wrap closure with interior button and tie.","price":129.0,"currency":"USD","images":"['https:\/\/static.zara.net\/photos\/\/\/2024\/V\/0\/2\/p\/4078\/006\/409\/2\/w\/1920\/4078006409_1_1_1.jpg?ts=1701767663172', 'https:\/\/static.zara.net\/photos\/\/\/2024\/V\/0\/2\/p\/4078\/006\/409\/2\/w\/1920\/4078006409_2_1_1.jpg?ts=1701767665177', 'https:\/\/static.zara.net\/photos\/\/\/2024\/V\/0\/2\/p\/4078\/006\/409\/2\/w\/1920\/4078006409_2_2_1.jpg?ts=1701767664230', 'https:\/\/static.zara.net\/photos\/\/\/2024\/V\/0\/2\/p\/4078\/006\/409\/2\/w\/1920\/4078006409_2_3_1.jpg?ts=1701767663895', 'https:\/\/static.zara.net\/photos\/\/\/2024\/V\/0\/2\/p\/4078\/006\/409\/2\/w\/1920\/4078006409_2_4_1.jpg?ts=1701767664637', 'https:\/\/static.zara.net\/photos\/\/\/2024\/V\/0\/2\/p\/4078\/006\/409\/2\/w\/1920\/4078006409_2_5_1.jpg?ts=1701767664092', 'https:\/\/static.zara.net\/photos\/\/\/2024\/V\/0\/2\/p\/4078\/006\/409\/2\/w\/1920\/4078006409_6_1_1.jpg?ts=1701098483120', 'https:\/\/static.zara.net\/photos\/\/\/2024\/V\/0\/2\/p\/4078\/006\/409\/2\/w\/1920\/4078006409_6_2_1.jpg?ts=1701098482545', 'https:\/\/static.zara.net\/photos\/\/\/2024\/V\/0\/2\/p\/4078\/006\/409\/2\/w\/1920\/4078006409_6_3_1.jpg?ts=1701098484129']","terms":"blazers","section":"MAN"}]