[{"brand":"Zara","url":"https:\/\/www.zara.com\/us\/en\/sculpting-shorts-p01067816.html","name":"SCULPTING SHORTS","description":"Shorts with a high waist made of polyamide. Shaping bodysuit that boosts and slenderizes the figure. Heat-sealed interior waistband for a slimmer effect.","price":45.9,"currency":"USD","images":"['https:\/\/static.zara.net\/photos\/\/\/2024\/V\/0\/1\/p\/1067\/816\/713\/2\/w\/1920\/1067816713_1_1_1.jpg?ts=1707227339868', 'https:\/\/static.zara.net\/photos\/\/\/2024\/V\/0\/1\/p\/1067\/816\/713\/2\/w\/1920\/1067816713_2_1_1.jpg?ts=1707227339743', 'https:\/\/static.zara.net\/photos\/\/\/2024\/V\/0\/1\/p\/1067\/816\/713\/2\/w\/1920\/1067816713_2_2_1.jpg?ts=1707227339989', 'https:\/\/static.zara.net\/photos\/\/\/2023\/I\/0\/1\/p\/1067\/816\/713\/2\/w\/1920\/1067816713_6_1_1.jpg?ts=1686566906733', 'https:\/\/static.zara.net\/photos\/\/\/2023\/I\/0\/1\/p\/1067\/816\/713\/2\/w\/1920\/1067816713_6_2_1.jpg?ts=1686566906790', 'https:\/\/static.zara.net\/photos\/\/\/2023\/V\/0\/1\/p\/1067\/816\/713\/2\/w\/1920\/1067816713_6_3_1.jpg?ts=1681284794588', 'https:\/\/static.zara.net\/photos\/\/\/2023\/V\/0\/1\/p\/1067\/816\/713\/2\/w\/1920\/1067816713_6_4_1.jpg?ts=1681284790414']","terms":"bodysuits","section":"WOMAN"}]