[{"brand":"Zara","url":"https:\/\/www.zara.com\/us\/en\/foil-finish-cardigan-p07140411.html","name":"FOIL FINISH CARDIGAN","description":"Full cut cardigan with V-neck and long sleeves. Abstract print. Rib trim. Front button closure.\n\nThe item has a unique look due to its special washing process. For this reason, the color may differ slightly from that seen in the photo.","price":69.9,"currency":"USD","images":"['https:\/\/static.zara.net\/photos\/\/\/2024\/V\/0\/2\/p\/7140\/411\/712\/2\/w\/1920\/7140411712_1_1_1.jpg?ts=1707387972900', 'https:\/\/static.zara.net\/photos\/\/\/2024\/V\/0\/2\/p\/7140\/411\/712\/2\/w\/1920\/7140411712_2_1_1.jpg?ts=1707387972654', 'https:\/\/static.zara.net\/photos\/\/\/2024\/V\/0\/2\/p\/7140\/411\/712\/2\/w\/1920\/7140411712_2_2_1.jpg?ts=1707387972599', 'https:\/\/static.zara.net\/photos\/\/\/2024\/V\/0\/2\/p\/7140\/411\/712\/2\/w\/1920\/7140411712_2_3_1.jpg?ts=1707387970380', 'https:\/\/static.zara.net\/photos\/\/\/2024\/V\/0\/2\/p\/7140\/411\/712\/2\/w\/1920\/7140411712_2_4_1.jpg?ts=1707387970686', 'https:\/\/static.zara.net\/photos\/\/\/2024\/V\/0\/2\/p\/7140\/411\/712\/2\/w\/1920\/7140411712_6_1_1.jpg?ts=1707215616233', 'https:\/\/static.zara.net\/photos\/\/\/2024\/V\/0\/2\/p\/7140\/411\/712\/2\/w\/1920\/7140411712_6_2_1.jpg?ts=1707215616197', 'https:\/\/static.zara.net\/photos\/\/\/2024\/V\/0\/2\/p\/7140\/411\/712\/2\/w\/1920\/7140411712_6_3_1.jpg?ts=1707215619448']","terms":"cardigans","section":"MAN"},{"brand":"Zara","url":"https:\/\/www.zara.com\/us\/en\/cropped-cardigan-p09598420.html","name":"CROPPED CARDIGAN","description":"Cardigan made of cotton blend fabric. V-neck and long sleeves. Front patch pockets. Rib trim. Front button closure.","price":69.9,"currency":"USD","images":"['https:\/\/static.zara.net\/photos\/\/\/2024\/V\/0\/2\/p\/9598\/420\/681\/2\/w\/1920\/9598420681_1_1_1.jpg?ts=1707296867770', 'https:\/\/static.zara.net\/photos\/\/\/2024\/V\/0\/2\/p\/9598\/420\/681\/2\/w\/1920\/9598420681_2_1_1.jpg?ts=1707296867733', 'https:\/\/static.zara.net\/photos\/\/\/2024\/V\/0\/2\/p\/9598\/420\/681\/2\/w\/1920\/9598420681_2_2_1.jpg?ts=1707296867734', 'https:\/\/static.zara.net\/photos\/\/\/2024\/V\/0\/2\/p\/9598\/420\/681\/2\/w\/1920\/9598420681_2_3_1.jpg?ts=1707296865964', 'https:\/\/static.zara.net\/photos\/\/\/2024\/V\/0\/2\/p\/9598\/420\/681\/2\/w\/1920\/9598420681_2_4_1.jpg?ts=1707296867832', 'https:\/\/static.zara.net\/photos\/\/\/2024\/V\/0\/2\/p\/9598\/420\/681\/2\/w\/1920\/9598420681_2_5_1.jpg?ts=1707296865694', 'https:\/\/static.zara.net\/photos\/\/\/2024\/V\/0\/2\/p\/9598\/420\/681\/2\/w\/1920\/9598420681_2_6_1.jpg?ts=1707296867936', 'https:\/\/static.zara.net\/photos\/\/\/2024\/V\/0\/2\/p\/9598\/420\/681\/2\/w\/1920\/9598420681_6_1_1.jpg?ts=1706877395114', 'https:\/\/static.zara.net\/photos\/\/\/2024\/V\/0\/2\/p\/9598\/420\/681\/2\/w\/1920\/9598420681_6_2_1.jpg?ts=1706877395271', 'https:\/\/static.zara.net\/photos\/\/\/2024\/V\/0\/2\/p\/9598\/420\/681\/2\/w\/1920\/9598420681_6_3_1.jpg?ts=1706877395283']","terms":"cardigans","section":"MAN"},{"brand":"Zara","url":"https:\/\/www.zara.com\/us\/en\/brushed-jacquard-cardigan-p02893406.html","name":"BRUSHED JACQUARD CARDIGAN","description":"Cardigan made of brushed fabric. V-neck and long sleeves. Rib trim. Front button closure.","price":69.9,"currency":"USD","images":"['https:\/\/static.zara.net\/photos\/\/\/2024\/V\/0\/2\/p\/2893\/406\/802\/2\/w\/1920\/2893406802_1_1_1.jpg?ts=1704205439124', 'https:\/\/static.zara.net\/photos\/\/\/2024\/V\/0\/2\/p\/2893\/406\/802\/2\/w\/1920\/2893406802_2_1_1.jpg?ts=1704205439129', 'https:\/\/static.zara.net\/photos\/\/\/2024\/V\/0\/2\/p\/2893\/406\/802\/2\/w\/1920\/2893406802_2_2_1.jpg?ts=1704205439162', 'https:\/\/static.zara.net\/photos\/\/\/2024\/V\/0\/2\/p\/2893\/406\/802\/2\/w\/1920\/2893406802_2_3_1.jpg?ts=1704205438824', 'https:\/\/static.zara.net\/photos\/\/\/2024\/V\/0\/2\/p\/2893\/406\/802\/2\/w\/1920\/2893406802_2_4_1.jpg?ts=1704205439347', 'https:\/\/static.zara.net\/photos\/\/\/2024\/V\/0\/2\/p\/2893\/406\/802\/2\/w\/1920\/2893406802_2_5_1.jpg?ts=1704205439524', 'https:\/\/static.zara.net\/photos\/\/\/2024\/V\/0\/2\/p\/2893\/406\/802\/2\/w\/1920\/2893406802_6_1_1.jpg?ts=1704193470342', 'https:\/\/static.zara.net\/photos\/\/\/2024\/V\/0\/2\/p\/2893\/406\/802\/2\/w\/1920\/2893406802_6_2_1.jpg?ts=1704193470158', 'https:\/\/static.zara.net\/photos\/\/\/2024\/V\/0\/2\/p\/2893\/406\/802\/2\/w\/1920\/2893406802_6_3_1.jpg?ts=1704193470552']","terms":"cardigans","section":"MAN"},{"brand":"Zara","url":"https:\/\/www.zara.com\/us\/en\/cropped-cardigan-p05755404.html","name":"CROPPED CARDIGAN","description":"Cropped cardigan. V-neck and long sleeves. Rib trim. Front asymmetric button closure.","price":69.9,"currency":"USD","images":"['https:\/\/static.zara.net\/photos\/\/\/2024\/V\/0\/2\/p\/5755\/404\/800\/2\/w\/1920\/5755404800_1_1_1.jpg?ts=1706880006141', 'https:\/\/static.zara.net\/photos\/\/\/2024\/V\/0\/2\/p\/5755\/404\/800\/2\/w\/1920\/5755404800_2_1_1.jpg?ts=1706880004976', 'https:\/\/static.zara.net\/photos\/\/\/2024\/V\/0\/2\/p\/5755\/404\/800\/2\/w\/1920\/5755404800_2_2_1.jpg?ts=1706880005141', 'https:\/\/static.zara.net\/photos\/\/\/2024\/V\/0\/2\/p\/5755\/404\/800\/2\/w\/1920\/5755404800_2_3_1.jpg?ts=1706880005781', 'https:\/\/static.zara.net\/photos\/\/\/2024\/V\/0\/2\/p\/5755\/404\/800\/2\/w\/1920\/5755404800_2_4_1.jpg?ts=1706880005834', 'https:\/\/static.zara.net\/photos\/\/\/2024\/V\/0\/2\/p\/5755\/404\/800\/2\/w\/1920\/5755404800_2_5_1.jpg?ts=1706880005869', 'https:\/\/static.zara.net\/photos\/\/\/2024\/V\/0\/2\/p\/5755\/404\/800\/2\/w\/1920\/5755404800_6_1_1.jpg?ts=1706805340565', 'https:\/\/static.zara.net\/photos\/\/\/2024\/V\/0\/2\/p\/5755\/404\/800\/2\/w\/1920\/5755404800_6_2_1.jpg?ts=1706805340460', 'https:\/\/static.zara.net\/photos\/\/\/2024\/V\/0\/2\/p\/5755\/404\/800\/2\/w\/1920\/5755404800_6_3_1.jpg?ts=1706805341770']","terms":"cardigans","section":"MAN"},{"brand":"Zara","url":"https:\/\/www.zara.com\/us\/en\/faux-fur-textured-cardigan-p05536411.html","name":"FAUX FUR TEXTURED CARDIGAN","description":"Cardigan made of faux fur textured fabric. V-neck and long sleeves. Rib trim. Front button closure.","price":69.9,"currency":"USD","images":"['https:\/\/static.zara.net\/photos\/\/\/2024\/V\/0\/2\/p\/5536\/411\/800\/2\/w\/1920\/5536411800_1_1_1.jpg?ts=1702460501511', 'https:\/\/static.zara.net\/photos\/\/\/2024\/V\/0\/2\/p\/5536\/411\/800\/2\/w\/1920\/5536411800_2_1_1.jpg?ts=1702460501362', 'https:\/\/static.zara.net\/photos\/\/\/2024\/V\/0\/2\/p\/5536\/411\/800\/2\/w\/1920\/5536411800_2_2_1.jpg?ts=1702460501399', 'https:\/\/static.zara.net\/photos\/\/\/2024\/V\/0\/2\/p\/5536\/411\/800\/2\/w\/1920\/5536411800_2_3_1.jpg?ts=1702460500601', 'https:\/\/static.zara.net\/photos\/\/\/2024\/V\/0\/2\/p\/5536\/411\/800\/2\/w\/1920\/5536411800_2_4_1.jpg?ts=1702460501593', 'https:\/\/static.zara.net\/photos\/\/\/2024\/V\/0\/2\/p\/5536\/411\/800\/2\/w\/1920\/5536411800_2_5_1.jpg?ts=1702460501287', 'https:\/\/static.zara.net\/photos\/\/\/2024\/V\/0\/2\/p\/5536\/411\/800\/2\/w\/1920\/5536411800_6_1_1.jpg?ts=1702293814243', 'https:\/\/static.zara.net\/photos\/\/\/2024\/V\/0\/2\/p\/5536\/411\/800\/2\/w\/1920\/5536411800_6_2_1.jpg?ts=1702293814631', 'https:\/\/static.zara.net\/photos\/\/\/2024\/V\/0\/2\/p\/5536\/411\/800\/2\/w\/1920\/5536411800_6_3_1.jpg?ts=1702293815716']","terms":"cardigans","section":"MAN"}]