[{"brand":"Zara","url":"https:\/\/www.zara.com\/us\/en\/-p02627123.html","name":null,"description":null,"price":79.9,"currency":"USD","images":"['https:\/\/static.zara.net\/photos\/\/\/2024\/V\/0\/1\/p\/2627\/123\/069\/2\/w\/1920\/2627123069_1_1_1.jpg?ts=1708019233388', 'https:\/\/static.zara.net\/photos\/\/\/2024\/V\/0\/1\/p\/2627\/123\/069\/2\/w\/1920\/2627123069_2_1_1.jpg?ts=1708019232918', 'https:\/\/static.zara.net\/photos\/\/\/2024\/V\/0\/1\/p\/2627\/123\/069\/2\/w\/1920\/2627123069_2_2_1.jpg?ts=1708019235721', 'https:\/\/static.zara.net\/photos\/\/\/2024\/V\/0\/1\/p\/2627\/123\/069\/2\/w\/1920\/2627123069_2_3_1.jpg?ts=1708019233955', 'https:\/\/static.zara.net\/photos\/\/\/2024\/V\/0\/1\/p\/2627\/123\/069\/2\/w\/1920\/2627123069_2_4_1.jpg?ts=1708019234337', 'https:\/\/static.zara.net\/photos\/\/\/2024\/V\/0\/1\/p\/2627\/123\/069\/2\/w\/1920\/2627123069_6_1_1.jpg?ts=1708074090886', 'https:\/\/static.zara.net\/photos\/\/\/2024\/V\/0\/1\/p\/2627\/123\/069\/2\/w\/1920\/2627123069_6_2_1.jpg?ts=1708074091626', 'https:\/\/static.zara.net\/photos\/\/\/2024\/V\/0\/1\/p\/2627\/123\/069\/2\/w\/1920\/2627123069_6_3_1.jpg?ts=1708074094624', 'https:\/\/static.zara.net\/photos\/\/\/2024\/V\/0\/1\/p\/2627\/123\/069\/2\/w\/1920\/2627123069_6_4_1.jpg?ts=1708074094168']","terms":"dresses","section":"WOMAN"},{"brand":"Zara","url":"https:\/\/www.zara.com\/us\/en\/rubberized-openwork-embroidery-dress-p02492052.html","name":"RUBBERIZED OPENWORK EMBROIDERY DRESS","description":"Short dress with round collar, V-neckline, elbow-length sleeves, and elastic cuffs. Embroidered eyelet detail with rubberized fabric. Front button closure with tonal belt.","price":49.9,"currency":"USD","images":"['https:\/\/static.zara.net\/photos\/\/\/2024\/V\/0\/1\/p\/2492\/052\/505\/2\/w\/1920\/2492052505_1_1_1.jpg?ts=1707923925467', 'https:\/\/static.zara.net\/photos\/\/\/2024\/V\/0\/1\/p\/2492\/052\/505\/2\/w\/1920\/2492052505_2_1_1.jpg?ts=1707923926663', 'https:\/\/static.zara.net\/photos\/\/\/2024\/V\/0\/1\/p\/2492\/052\/505\/2\/w\/1920\/2492052505_6_1_1.jpg?ts=1707930319806', 'https:\/\/static.zara.net\/photos\/\/\/2024\/V\/0\/1\/p\/2492\/052\/505\/2\/w\/1920\/2492052505_6_2_1.jpg?ts=1707930320281', 'https:\/\/static.zara.net\/photos\/\/\/2024\/V\/0\/1\/p\/2492\/052\/505\/2\/w\/1920\/2492052505_6_3_1.jpg?ts=1707930322175']","terms":"dresses","section":"WOMAN"},{"brand":"Zara","url":"https:\/\/www.zara.com\/us\/en\/z1975-denim-midi-dress-p00108032.html","name":"Z1975 DENIM MIDI DRESS","description":"Dress with lapel collar and long sleeves. Front and back patch pockets. Washed effect. Front metal button closure.","price":69.9,"currency":"USD","images":"['https:\/\/static.zara.net\/photos\/\/\/2024\/V\/0\/1\/p\/0108\/032\/427\/2\/w\/1920\/0108032427_1_1_1.jpg?ts=1707483254418', 'https:\/\/static.zara.net\/photos\/\/\/2024\/V\/0\/1\/p\/0108\/032\/427\/2\/w\/1920\/0108032427_2_1_1.jpg?ts=1707483255394', 'https:\/\/static.zara.net\/photos\/\/\/2024\/V\/0\/1\/p\/0108\/032\/427\/2\/w\/1920\/0108032427_2_2_1.jpg?ts=1707483254617', 'https:\/\/static.zara.net\/photos\/\/\/2024\/V\/0\/1\/p\/0108\/032\/427\/2\/w\/1920\/0108032427_2_3_1.jpg?ts=1707483254030', 'https:\/\/static.zara.net\/photos\/\/\/2024\/V\/0\/1\/p\/0108\/032\/427\/2\/w\/1920\/0108032427_6_1_1.jpg?ts=1707213276500', 'https:\/\/static.zara.net\/photos\/\/\/2024\/V\/0\/1\/p\/0108\/032\/427\/2\/w\/1920\/0108032427_6_2_1.jpg?ts=1707213276557', 'https:\/\/static.zara.net\/photos\/\/\/2024\/V\/0\/1\/p\/0108\/032\/427\/2\/w\/1920\/0108032427_6_3_1.jpg?ts=1707213276712', 'https:\/\/static.zara.net\/photos\/\/\/2024\/V\/0\/1\/p\/0108\/032\/427\/2\/w\/1920\/0108032427_6_4_1.jpg?ts=1707213276546']","terms":"dresses","section":"WOMAN"},{"brand":"Zara","url":"https:\/\/www.zara.com\/us\/en\/belted-shirtdress-zw-collection-p09303432.html","name":"BELTED SHIRTDRESS ZW COLLECTION","description":"ZARA WOMAN COLLECTION\n\nMidi dress made of wrinkled effect fabric. Sleeveless design with V-neckline and cuffed armscyes. Side hidden in-seam pockets. Belt with self lined buckle. Pleats at waist. Front button closure.\n\nThe fabrics with innovative textures take center stage in this midi dress made with wrinkled effect fabric. Minimalist designed garment.","price":129.0,"currency":"USD","images":"['https:\/\/static.zara.net\/photos\/\/\/2024\/V\/0\/1\/p\/9303\/432\/505\/2\/w\/1920\/9303432505_1_1_1.jpg?ts=1707406616555', 'https:\/\/static.zara.net\/photos\/\/\/2024\/V\/0\/1\/p\/9303\/432\/505\/2\/w\/1920\/9303432505_2_1_1.jpg?ts=1707406616279', 'https:\/\/static.zara.net\/photos\/\/\/2024\/V\/0\/1\/p\/9303\/432\/505\/2\/w\/1920\/9303432505_2_2_1.jpg?ts=1707406616275', 'https:\/\/static.zara.net\/photos\/\/\/2024\/V\/0\/1\/p\/9303\/432\/505\/2\/w\/1920\/9303432505_2_3_1.jpg?ts=1707406616410', 'https:\/\/static.zara.net\/photos\/\/\/2024\/V\/0\/1\/p\/9303\/432\/505\/2\/w\/1920\/9303432505_2_4_1.jpg?ts=1707406616411', 'https:\/\/static.zara.net\/photos\/\/\/2024\/V\/0\/1\/p\/9303\/432\/505\/2\/w\/1920\/9303432505_6_1_1.jpg?ts=1707406616490', 'https:\/\/static.zara.net\/photos\/\/\/2024\/V\/0\/1\/p\/9303\/432\/505\/2\/w\/1920\/9303432505_6_2_1.jpg?ts=1707406616306', 'https:\/\/static.zara.net\/photos\/\/\/2024\/V\/0\/1\/p\/9303\/432\/505\/2\/w\/1920\/9303432505_6_3_1.jpg?ts=1707406616651', 'https:\/\/static.zara.net\/photos\/\/\/2024\/V\/0\/1\/p\/9303\/432\/505\/2\/w\/1920\/9303432505_6_4_1.jpg?ts=1707406524283', 'https:\/\/static.zara.net\/photos\/\/\/2024\/V\/0\/1\/p\/9303\/432\/505\/2\/w\/1920\/9303432505_6_5_1.jpg?ts=1707406616653']","terms":"dresses","section":"WOMAN"},{"brand":"Zara","url":"https:\/\/www.zara.com\/us\/en\/-p06164072.html","name":null,"description":null,"price":79.9,"currency":"USD","images":"['https:\/\/static.zara.net\/photos\/\/\/2024\/V\/0\/1\/p\/6164\/072\/407\/2\/w\/1920\/6164072407_1_1_1.jpg?ts=1708011220302', 'https:\/\/static.zara.net\/photos\/\/\/2024\/V\/0\/1\/p\/6164\/072\/407\/2\/w\/1920\/6164072407_2_1_1.jpg?ts=1708011220176', 'https:\/\/static.zara.net\/photos\/\/\/2024\/V\/0\/1\/p\/6164\/072\/407\/2\/w\/1920\/6164072407_2_2_1.jpg?ts=1708011220128', 'https:\/\/static.zara.net\/photos\/\/\/2024\/V\/0\/1\/p\/6164\/072\/407\/2\/w\/1920\/6164072407_2_3_1.jpg?ts=1708023056193', 'https:\/\/static.zara.net\/photos\/\/\/2024\/V\/0\/1\/p\/6164\/072\/407\/2\/w\/1920\/6164072407_2_4_1.jpg?ts=1708011219851', 'https:\/\/static.zara.net\/photos\/\/\/2024\/V\/0\/1\/p\/6164\/072\/407\/2\/w\/1920\/6164072407_2_5_1.jpg?ts=1708011220100', 'https:\/\/static.zara.net\/photos\/\/\/2024\/V\/0\/1\/p\/6164\/072\/407\/2\/w\/1920\/6164072407_6_1_1.jpg?ts=1708074172550', 'https:\/\/static.zara.net\/photos\/\/\/2024\/V\/0\/1\/p\/6164\/072\/407\/2\/w\/1920\/6164072407_6_2_1.jpg?ts=1708074177277', 'https:\/\/static.zara.net\/photos\/\/\/2024\/V\/0\/1\/p\/6164\/072\/407\/2\/w\/1920\/6164072407_6_3_1.jpg?ts=1708074178241']","terms":"dresses","section":"WOMAN"}]