[{"brand":"Zara","url":"https:\/\/www.zara.com\/us\/en\/hoodie-sweatshirt-p00761350.html","name":"HOODIE SWEATSHIRT","description":"Hoodie sweatshirt made of cotton with brushed interior. Collar with adjustable hood and long sleeves. Front pouch pocket. Rib trim.","price":47.9,"currency":"USD","images":"['https:\/\/static.zara.net\/photos\/\/\/2023\/I\/0\/2\/p\/0761\/350\/807\/2\/w\/1920\/0761350807_2_1_1.jpg?ts=1699948394201', 'https:\/\/static.zara.net\/photos\/\/\/2023\/I\/0\/2\/p\/0761\/350\/807\/2\/w\/1920\/0761350807_2_2_1.jpg?ts=1699948394194', 'https:\/\/static.zara.net\/photos\/\/\/2023\/I\/0\/2\/p\/0761\/350\/807\/2\/w\/1920\/0761350807_2_3_1.jpg?ts=1699948394169', 'https:\/\/static.zara.net\/photos\/\/\/2023\/I\/0\/2\/p\/0761\/350\/807\/2\/w\/1920\/0761350807_6_1_1.jpg?ts=1688039025314', 'https:\/\/static.zara.net\/photos\/\/\/2023\/I\/0\/2\/p\/0761\/350\/807\/2\/w\/1920\/0761350807_6_2_1.jpg?ts=1688039024303', 'https:\/\/static.zara.net\/photos\/\/\/2023\/I\/0\/2\/p\/0761\/350\/807\/2\/w\/1920\/0761350807_6_3_1.jpg?ts=1688039028422']","terms":"hoodies","section":"MAN"},{"brand":"Zara","url":"https:\/\/www.zara.com\/us\/en\/oversized-hooded-sweatshirt-limited-edition-p04087491.html","name":"OVERSIZED HOODED SWEATSHIRT LIMITED EDITION","description":"Oversized hoodie sweatshirt. Collar with adjustable hood and long sleeves. Washed effect. Welt pockets at hip. Rib trim. Front zip closure.","price":69.9,"currency":"USD","images":"['https:\/\/static.zara.net\/photos\/\/\/2024\/V\/0\/2\/p\/4087\/491\/800\/2\/w\/1920\/4087491800_1_1_1.jpg?ts=1706806868964', 'https:\/\/static.zara.net\/photos\/\/\/2024\/V\/0\/2\/p\/4087\/491\/800\/2\/w\/1920\/4087491800_2_1_1.jpg?ts=1706806869850', 'https:\/\/static.zara.net\/photos\/\/\/2024\/V\/0\/2\/p\/4087\/491\/800\/2\/w\/1920\/4087491800_2_2_1.jpg?ts=1706806869729', 'https:\/\/static.zara.net\/photos\/\/\/2024\/V\/0\/2\/p\/4087\/491\/800\/2\/w\/1920\/4087491800_2_3_1.jpg?ts=1706806868725', 'https:\/\/static.zara.net\/photos\/\/\/2024\/V\/0\/2\/p\/4087\/491\/800\/2\/w\/1920\/4087491800_2_4_1.jpg?ts=1706806870295', 'https:\/\/static.zara.net\/photos\/\/\/2024\/V\/0\/2\/p\/4087\/491\/800\/2\/w\/1920\/4087491800_6_1_1.jpg?ts=1704457777172', 'https:\/\/static.zara.net\/photos\/\/\/2024\/V\/0\/2\/p\/4087\/491\/800\/2\/w\/1920\/4087491800_6_2_1.jpg?ts=1704457777012', 'https:\/\/static.zara.net\/photos\/\/\/2024\/V\/0\/2\/p\/4087\/491\/800\/2\/w\/1920\/4087491800_6_3_1.jpg?ts=1704457777247']","terms":"hoodies","section":"MAN"},{"brand":"Zara","url":"https:\/\/www.zara.com\/us\/en\/vintage-effect-cropped-rib-sweatshirt-p02888413.html","name":"VINTAGE EFFECT CROPPED RIB SWEATSHIRT","description":"Cropped hoodie sweatshirt. Long sleeves with rib cuffs. Washed effect.\n\nThe item has a unique look due to its special washing process. For this reason, the color may differ slightly from that seen in the photo.","price":59.9,"currency":"USD","images":"['https:\/\/static.zara.net\/photos\/\/\/2024\/V\/0\/2\/p\/2888\/413\/804\/2\/w\/1920\/2888413804_1_1_1.jpg?ts=1706260451965', 'https:\/\/static.zara.net\/photos\/\/\/2024\/V\/0\/2\/p\/2888\/413\/804\/2\/w\/1920\/2888413804_2_1_1.jpg?ts=1706260453923', 'https:\/\/static.zara.net\/photos\/\/\/2024\/V\/0\/2\/p\/2888\/413\/804\/2\/w\/1920\/2888413804_2_2_1.jpg?ts=1706260454008', 'https:\/\/static.zara.net\/photos\/\/\/2024\/V\/0\/2\/p\/2888\/413\/804\/2\/w\/1920\/2888413804_2_3_1.jpg?ts=1706260451385', 'https:\/\/static.zara.net\/photos\/\/\/2024\/V\/0\/2\/p\/2888\/413\/804\/2\/w\/1920\/2888413804_2_4_1.jpg?ts=1706260454051', 'https:\/\/static.zara.net\/photos\/\/\/2024\/V\/0\/2\/p\/2888\/413\/804\/2\/w\/1920\/2888413804_2_5_1.jpg?ts=1706260451975', 'https:\/\/static.zara.net\/photos\/\/\/2024\/V\/0\/2\/p\/2888\/413\/804\/2\/w\/1920\/2888413804_6_1_1.jpg?ts=1706009168403', 'https:\/\/static.zara.net\/photos\/\/\/2024\/V\/0\/2\/p\/2888\/413\/804\/2\/w\/1920\/2888413804_6_2_1.jpg?ts=1706009167990', 'https:\/\/static.zara.net\/photos\/\/\/2024\/V\/0\/2\/p\/2888\/413\/804\/2\/w\/1920\/2888413804_6_3_1.jpg?ts=1706009169217']","terms":"hoodies","section":"MAN"},{"brand":"Zara","url":"https:\/\/www.zara.com\/us\/en\/ripped-hoodie-sweatshirt-limited-edition-p04087490.html","name":"RIPPED HOODIE SWEATSHIRT LIMITED EDITION","description":"Boxy hoodie sweatshirt made of cotton with terrycloth interior. Hooded collar and long sleeves.Washed trim with ripped effect. Front pouch pocket.","price":69.9,"currency":"USD","images":"['https:\/\/static.zara.net\/photos\/\/\/2024\/V\/0\/2\/p\/4087\/490\/800\/2\/w\/1920\/4087490800_1_1_1.jpg?ts=1706806911497', 'https:\/\/static.zara.net\/photos\/\/\/2024\/V\/0\/2\/p\/4087\/490\/800\/2\/w\/1920\/4087490800_2_1_1.jpg?ts=1706806910579', 'https:\/\/static.zara.net\/photos\/\/\/2024\/V\/0\/2\/p\/4087\/490\/800\/2\/w\/1920\/4087490800_2_2_1.jpg?ts=1706806910665', 'https:\/\/static.zara.net\/photos\/\/\/2024\/V\/0\/2\/p\/4087\/490\/800\/2\/w\/1920\/4087490800_2_3_1.jpg?ts=1706806909665', 'https:\/\/static.zara.net\/photos\/\/\/2024\/V\/0\/2\/p\/4087\/490\/800\/2\/w\/1920\/4087490800_2_4_1.jpg?ts=1706806911989', 'https:\/\/static.zara.net\/photos\/\/\/2024\/V\/0\/2\/p\/4087\/490\/800\/2\/w\/1920\/4087490800_2_5_1.jpg?ts=1706806911815', 'https:\/\/static.zara.net\/photos\/\/\/2024\/V\/0\/2\/p\/4087\/490\/800\/2\/w\/1920\/4087490800_6_1_1.jpg?ts=1704457776588', 'https:\/\/static.zara.net\/photos\/\/\/2024\/V\/0\/2\/p\/4087\/490\/800\/2\/w\/1920\/4087490800_6_2_1.jpg?ts=1704457777062', 'https:\/\/static.zara.net\/photos\/\/\/2024\/V\/0\/2\/p\/4087\/490\/800\/2\/w\/1920\/4087490800_6_3_1.jpg?ts=1704457777446']","terms":"hoodies","section":"MAN"},{"brand":"Zara","url":"https:\/\/www.zara.com\/us\/en\/washed-hooded-sweatshirt-p03854400.html","name":"WASHED HOODED SWEATSHIRT","description":"Hoodie sweatshirt with adjustable drawcord hooded collar. Long sleeves. Washed effect. Rib trim. Front zip closure.\n\nThe item has a unique look due to its special washing process. For this reason, the color may differ slightly from that seen in the photo.","price":59.9,"currency":"USD","images":"['https:\/\/static.zara.net\/photos\/\/\/2024\/V\/0\/2\/p\/3854\/400\/898\/2\/w\/1920\/3854400898_1_1_1.jpg?ts=1705052049554', 'https:\/\/static.zara.net\/photos\/\/\/2024\/V\/0\/2\/p\/3854\/400\/898\/2\/w\/1920\/3854400898_2_1_1.jpg?ts=1705052050160', 'https:\/\/static.zara.net\/photos\/\/\/2024\/V\/0\/2\/p\/3854\/400\/898\/2\/w\/1920\/3854400898_2_2_1.jpg?ts=1705052050228', 'https:\/\/static.zara.net\/photos\/\/\/2024\/V\/0\/2\/p\/3854\/400\/898\/2\/w\/1920\/3854400898_2_3_1.jpg?ts=1705052050226', 'https:\/\/static.zara.net\/photos\/\/\/2024\/V\/0\/2\/p\/3854\/400\/898\/2\/w\/1920\/3854400898_2_4_1.jpg?ts=1705052049501', 'https:\/\/static.zara.net\/photos\/\/\/2024\/V\/0\/2\/p\/3854\/400\/898\/2\/w\/1920\/3854400898_6_1_1.jpg?ts=1704988814619', 'https:\/\/static.zara.net\/photos\/\/\/2024\/V\/0\/2\/p\/3854\/400\/898\/2\/w\/1920\/3854400898_6_2_1.jpg?ts=1704988814579', 'https:\/\/static.zara.net\/photos\/\/\/2024\/V\/0\/2\/p\/3854\/400\/898\/2\/w\/1920\/3854400898_6_3_1.jpg?ts=1704988814577']","terms":"hoodies","section":"MAN"}]