[{"brand":"Zara","url":"https:\/\/www.zara.com\/us\/en\/basic-puffer-jacket-p06985450.html","name":"BASIC PUFFER JACKET","description":"Puffer jacket made of tear-resistant ripstop fabric. High collar and adjustable long sleeves with adhesive straps. Welt pockets at hip. Adjustable hem with side elastics. Front zip closure.","price":19.99,"currency":"USD","images":"['https:\/\/static.zara.net\/photos\/\/\/2023\/I\/0\/2\/p\/6985\/450\/250\/2\/w\/1920\/6985450250_1_1_1.jpg?ts=1691143602663', 'https:\/\/static.zara.net\/photos\/\/\/2023\/I\/0\/2\/p\/6985\/450\/250\/2\/w\/1920\/6985450250_2_1_1.jpg?ts=1691143602184', 'https:\/\/static.zara.net\/photos\/\/\/2023\/I\/0\/2\/p\/6985\/450\/250\/2\/w\/1920\/6985450250_2_2_1.jpg?ts=1691143602614', 'https:\/\/static.zara.net\/photos\/\/\/2023\/I\/0\/2\/p\/6985\/450\/250\/2\/w\/1920\/6985450250_2_3_1.jpg?ts=1691143603207', 'https:\/\/static.zara.net\/photos\/\/\/2023\/I\/0\/2\/p\/6985\/450\/250\/2\/w\/1920\/6985450250_2_4_1.jpg?ts=1691143602647', 'https:\/\/static.zara.net\/photos\/\/\/2023\/I\/0\/2\/p\/6985\/450\/250\/2\/w\/1920\/6985450250_6_1_1.jpg?ts=1691076764895', 'https:\/\/static.zara.net\/photos\/\/\/2023\/I\/0\/2\/p\/6985\/450\/250\/2\/w\/1920\/6985450250_6_2_1.jpg?ts=1691076764912', 'https:\/\/static.zara.net\/photos\/\/\/2023\/I\/0\/2\/p\/6985\/450\/250\/2\/w\/1920\/6985450250_6_3_1.jpg?ts=1691076765246']","terms":"jackets","section":"MAN"},{"brand":"Zara","url":"https:\/\/www.zara.com\/us\/en\/tuxedo-jacket-p08896675.html","name":"TUXEDO JACKET","description":"Straight fit blazer. Pointed lapel collar and long sleeves with buttoned cuffs. Welt pockets at hip and interior pocket. Central back vent at hem. Front button closure.","price":169.0,"currency":"USD","images":"['https:\/\/static.zara.net\/photos\/\/\/2024\/V\/0\/1\/p\/8896\/675\/800\/2\/w\/1920\/8896675800_1_1_1.jpg?ts=1707215340123', 'https:\/\/static.zara.net\/photos\/\/\/2024\/V\/0\/1\/p\/8896\/675\/800\/2\/w\/1920\/8896675800_2_1_1.jpg?ts=1707215339442', 'https:\/\/static.zara.net\/photos\/\/\/2024\/V\/0\/1\/p\/8896\/675\/800\/2\/w\/1920\/8896675800_2_2_1.jpg?ts=1707215339447', 'https:\/\/static.zara.net\/photos\/\/\/2024\/V\/0\/1\/p\/8896\/675\/800\/2\/w\/1920\/8896675800_2_3_1.jpg?ts=1707215339263', 'https:\/\/static.zara.net\/photos\/\/\/2024\/V\/0\/1\/p\/8896\/675\/800\/2\/w\/1920\/8896675800_2_4_1.jpg?ts=1707215341196', 'https:\/\/static.zara.net\/photos\/\/\/2024\/V\/0\/1\/p\/8896\/675\/800\/2\/w\/1920\/8896675800_2_5_1.jpg?ts=1707215340176', 'https:\/\/static.zara.net\/photos\/\/\/2024\/V\/0\/1\/p\/8896\/675\/800\/2\/w\/1920\/8896675800_2_6_1.jpg?ts=1707215341193', 'https:\/\/static.zara.net\/photos\/\/\/2023\/I\/0\/2\/p\/8896\/675\/800\/2\/w\/1920\/8896675800_6_1_1.jpg?ts=1696921814938', 'https:\/\/static.zara.net\/photos\/\/\/2023\/I\/0\/2\/p\/8896\/675\/800\/2\/w\/1920\/8896675800_6_2_1.jpg?ts=1696921815489', 'https:\/\/static.zara.net\/photos\/\/\/2023\/I\/0\/2\/p\/8896\/675\/800\/2\/w\/1920\/8896675800_6_3_1.jpg?ts=1696921818078']","terms":"jackets","section":"MAN"},{"brand":"Zara","url":"https:\/\/www.zara.com\/us\/en\/slim-fit-suit-jacket-p01564520.html","name":"SLIM FIT SUIT JACKET","description":"Slim fit jacket. Notched lapel collar. Long sleeves with buttoned cuffs. Welt pocket at chest and flap pockets at hip. Interior pocket. Back vents. Front button closure.","price":129.0,"currency":"USD","images":"['https:\/\/static.zara.net\/photos\/\/\/2023\/I\/0\/2\/p\/1564\/700\/800\/2\/w\/1920\/1564700800_1_1_1.jpg?ts=1689605442163', 'https:\/\/static.zara.net\/photos\/\/\/2023\/I\/0\/2\/p\/1564\/700\/800\/2\/w\/1920\/1564700800_2_1_1.jpg?ts=1689605445145', 'https:\/\/static.zara.net\/photos\/\/\/2023\/I\/0\/2\/p\/1564\/700\/800\/2\/w\/1920\/1564700800_2_2_1.jpg?ts=1689605443271', 'https:\/\/static.zara.net\/photos\/\/\/2023\/I\/0\/2\/p\/1564\/700\/800\/2\/w\/1920\/1564700800_2_3_1.jpg?ts=1689605442393', 'https:\/\/static.zara.net\/photos\/\/\/2023\/I\/0\/2\/p\/1564\/700\/800\/2\/w\/1920\/1564700800_2_4_1.jpg?ts=1689605446770', 'https:\/\/static.zara.net\/photos\/\/\/2023\/I\/0\/2\/p\/1564\/700\/800\/2\/w\/1920\/1564700800_2_5_1.jpg?ts=1689605447624', 'https:\/\/static.zara.net\/photos\/\/\/2023\/I\/0\/2\/p\/8288\/510\/800\/2\/w\/1920\/8288510800_6_1_1.jpg?ts=1689590970125', 'https:\/\/static.zara.net\/photos\/\/\/2023\/I\/0\/2\/p\/8288\/510\/800\/2\/w\/1920\/8288510800_6_2_1.jpg?ts=1689590970452', 'https:\/\/static.zara.net\/photos\/\/\/2023\/I\/0\/2\/p\/8288\/510\/800\/2\/w\/1920\/8288510800_6_3_1.jpg?ts=1689590971512']","terms":"jackets","section":"MAN"},{"brand":"Zara","url":"https:\/\/www.zara.com\/us\/en\/stretch-suit-jacket-p01564300.html","name":"STRETCH SUIT JACKET","description":"Slim fit jacket made of viscose blend fabric. Notched lapel collar. Long sleeves with buttoned cuffs. Welt pocket at chest and flap pockets at hip. Interior pocket. Back vents. Front button closure.","price":129.0,"currency":"USD","images":"['https:\/\/static.zara.net\/photos\/\/\/2024\/V\/0\/1\/p\/1564\/300\/420\/2\/w\/1920\/1564300420_1_1_1.jpg?ts=1707224041633', 'https:\/\/static.zara.net\/photos\/\/\/2024\/V\/0\/1\/p\/1564\/300\/420\/2\/w\/1920\/1564300420_2_1_1.jpg?ts=1707224039853', 'https:\/\/static.zara.net\/photos\/\/\/2024\/V\/0\/1\/p\/1564\/300\/420\/2\/w\/1920\/1564300420_2_2_1.jpg?ts=1707224039965', 'https:\/\/static.zara.net\/photos\/\/\/2024\/V\/0\/1\/p\/1564\/300\/420\/2\/w\/1920\/1564300420_2_3_1.jpg?ts=1707224040332', 'https:\/\/static.zara.net\/photos\/\/\/2024\/V\/0\/1\/p\/1564\/300\/420\/2\/w\/1920\/1564300420_2_4_1.jpg?ts=1707224040474', 'https:\/\/static.zara.net\/photos\/\/\/2024\/V\/0\/1\/p\/1564\/300\/420\/2\/w\/1920\/1564300420_2_5_1.jpg?ts=1707224041901', 'https:\/\/static.zara.net\/photos\/\/\/2024\/V\/0\/2\/p\/1564\/300\/420\/2\/w\/1920\/1564300420_6_1_1.jpg?ts=1706862062633', 'https:\/\/static.zara.net\/photos\/\/\/2024\/V\/0\/2\/p\/1564\/300\/420\/2\/w\/1920\/1564300420_6_2_1.jpg?ts=1706862062606', 'https:\/\/static.zara.net\/photos\/\/\/2024\/V\/0\/2\/p\/1564\/300\/420\/2\/w\/1920\/1564300420_6_3_1.jpg?ts=1706862063146']","terms":"jackets","section":"MAN"},{"brand":"Zara","url":"https:\/\/www.zara.com\/us\/en\/double-faced-jacket-p08281477.html","name":"DOUBLE FACED JACKET","description":"Jacket made of faux leather faux shearling with fleece interior. Tabbed lapel collar. Long sleeves. Zip pockets at hip. Front zip closure.","price":139.0,"currency":"USD","images":"['https:\/\/static.zara.net\/photos\/\/\/2024\/V\/0\/2\/p\/8281\/477\/800\/2\/w\/1920\/8281477800_1_1_1.jpg?ts=1705480812773', 'https:\/\/static.zara.net\/photos\/\/\/2024\/V\/0\/2\/p\/8281\/477\/800\/2\/w\/1920\/8281477800_2_1_1.jpg?ts=1705480812421', 'https:\/\/static.zara.net\/photos\/\/\/2024\/V\/0\/2\/p\/8281\/477\/800\/2\/w\/1920\/8281477800_2_2_1.jpg?ts=1705480813152', 'https:\/\/static.zara.net\/photos\/\/\/2024\/V\/0\/2\/p\/8281\/477\/800\/2\/w\/1920\/8281477800_2_3_1.jpg?ts=1705480812303', 'https:\/\/static.zara.net\/photos\/\/\/2024\/V\/0\/2\/p\/8281\/477\/800\/2\/w\/1920\/8281477800_2_4_1.jpg?ts=1705480813126', 'https:\/\/static.zara.net\/photos\/\/\/2024\/V\/0\/2\/p\/8281\/477\/800\/2\/w\/1920\/8281477800_6_1_1.jpg?ts=1705322984846', 'https:\/\/static.zara.net\/photos\/\/\/2024\/V\/0\/2\/p\/8281\/477\/800\/2\/w\/1920\/8281477800_6_2_1.jpg?ts=1705322984847', 'https:\/\/static.zara.net\/photos\/\/\/2024\/V\/0\/2\/p\/8281\/477\/800\/2\/w\/1920\/8281477800_6_3_1.jpg?ts=1705322985455', 'https:\/\/static.zara.net\/photos\/\/\/2024\/V\/0\/2\/p\/8281\/477\/800\/2\/w\/1920\/8281477800_6_4_1.jpg?ts=1705322985171']","terms":"jackets","section":"MAN"}]