[{"brand":"Zara","url":"https:\/\/www.zara.com\/us\/en\/straight-fit-jeans-p08062320.html","name":"STRAIGHT FIT JEANS","description":"Straight fit jeans. Five pockets. Washed effect. Front button closure.","price":9.99,"currency":"USD","images":"['https:\/\/static.zara.net\/photos\/\/\/2023\/I\/0\/2\/p\/3991\/325\/800\/2\/w\/1920\/3991325800_1_1_1.jpg?ts=1694771251284', 'https:\/\/static.zara.net\/photos\/\/\/2023\/I\/0\/2\/p\/3991\/325\/800\/2\/w\/1920\/3991325800_2_1_1.jpg?ts=1694771251031', 'https:\/\/static.zara.net\/photos\/\/\/2023\/I\/0\/2\/p\/3991\/325\/800\/2\/w\/1920\/3991325800_2_2_1.jpg?ts=1694771251706', 'https:\/\/static.zara.net\/photos\/\/\/2023\/I\/0\/2\/p\/3991\/325\/800\/2\/w\/1920\/3991325800_2_3_1.jpg?ts=1694771251356', 'https:\/\/static.zara.net\/photos\/\/\/2023\/I\/0\/2\/p\/3991\/325\/800\/2\/w\/1920\/3991325800_6_1_1.jpg?ts=1694703345068', 'https:\/\/static.zara.net\/photos\/\/\/2023\/I\/0\/2\/p\/3991\/325\/800\/2\/w\/1920\/3991325800_6_2_1.jpg?ts=1694703345021', 'https:\/\/static.zara.net\/photos\/\/\/2023\/I\/0\/2\/p\/3991\/325\/800\/2\/w\/1920\/3991325800_6_3_1.jpg?ts=1694703348556', 'https:\/\/static.zara.net\/photos\/\/\/2023\/I\/0\/2\/p\/3991\/325\/800\/2\/w\/1920\/3991325800_6_4_1.jpg?ts=1694703348659']","terms":"jeans","section":"MAN"},{"brand":"Zara","url":"https:\/\/www.zara.com\/us\/en\/utility-pocket-jeans-p01538414.html","name":"UTILITY POCKET JEANS","description":"Straight fit jeans. Front pockets and back patch pockets. Multi-functional pockets at legs. Washed effect. Front zip and button closure.","price":69.9,"currency":"USD","images":"['https:\/\/static.zara.net\/photos\/\/\/2024\/V\/0\/2\/p\/1538\/414\/800\/2\/w\/1920\/1538414800_1_1_1.jpg?ts=1707926903560', 'https:\/\/static.zara.net\/photos\/\/\/2024\/V\/0\/2\/p\/1538\/414\/800\/2\/w\/1920\/1538414800_2_1_1.jpg?ts=1707926904064', 'https:\/\/static.zara.net\/photos\/\/\/2024\/V\/0\/2\/p\/1538\/414\/800\/2\/w\/1920\/1538414800_2_2_1.jpg?ts=1707926904244', 'https:\/\/static.zara.net\/photos\/\/\/2024\/V\/0\/2\/p\/1538\/414\/800\/2\/w\/1920\/1538414800_2_3_1.jpg?ts=1707926903128', 'https:\/\/static.zara.net\/photos\/\/\/2024\/V\/0\/2\/p\/1538\/414\/800\/2\/w\/1920\/1538414800_2_4_1.jpg?ts=1707926902813', 'https:\/\/static.zara.net\/photos\/\/\/2024\/V\/0\/2\/p\/1538\/414\/800\/2\/w\/1920\/1538414800_6_1_1.jpg?ts=1707903115962', 'https:\/\/static.zara.net\/photos\/\/\/2024\/V\/0\/2\/p\/1538\/414\/800\/2\/w\/1920\/1538414800_6_2_1.jpg?ts=1707903116231', 'https:\/\/static.zara.net\/photos\/\/\/2024\/V\/0\/2\/p\/1538\/414\/800\/2\/w\/1920\/1538414800_6_3_1.jpg?ts=1707903116074', 'https:\/\/static.zara.net\/photos\/\/\/2024\/V\/0\/2\/p\/1538\/414\/800\/2\/w\/1920\/1538414800_6_4_1.jpg?ts=1707903116003']","terms":"jeans","section":"MAN"},{"brand":"Zara","url":"https:\/\/www.zara.com\/us\/en\/overdyed-straight-jeans-p03991460.html","name":"OVERDYED STRAIGHT JEANS","description":"Straight fit jeans. Five pockets. Colored washed effect. Front button closure.","price":69.9,"currency":"USD","images":"['https:\/\/static.zara.net\/photos\/\/\/2024\/V\/0\/2\/p\/3991\/460\/800\/2\/w\/1920\/3991460800_1_1_1.jpg?ts=1707216677288', 'https:\/\/static.zara.net\/photos\/\/\/2024\/V\/0\/2\/p\/3991\/460\/800\/2\/w\/1920\/3991460800_2_1_1.jpg?ts=1707216679735', 'https:\/\/static.zara.net\/photos\/\/\/2024\/V\/0\/2\/p\/3991\/460\/800\/2\/w\/1920\/3991460800_2_2_1.jpg?ts=1707216678175', 'https:\/\/static.zara.net\/photos\/\/\/2024\/V\/0\/2\/p\/3991\/460\/800\/2\/w\/1920\/3991460800_2_3_1.jpg?ts=1707216677012', 'https:\/\/static.zara.net\/photos\/\/\/2024\/V\/0\/2\/p\/3991\/460\/800\/2\/w\/1920\/3991460800_2_4_1.jpg?ts=1707216677662', 'https:\/\/static.zara.net\/photos\/\/\/2024\/V\/0\/2\/p\/3991\/460\/800\/2\/w\/1920\/3991460800_6_1_1.jpg?ts=1706108366538', 'https:\/\/static.zara.net\/photos\/\/\/2024\/V\/0\/2\/p\/3991\/460\/800\/2\/w\/1920\/3991460800_6_2_1.jpg?ts=1706108366713', 'https:\/\/static.zara.net\/photos\/\/\/2024\/V\/0\/2\/p\/3991\/460\/800\/2\/w\/1920\/3991460800_6_3_1.jpg?ts=1706108367249', 'https:\/\/static.zara.net\/photos\/\/\/2024\/V\/0\/2\/p\/3991\/460\/800\/2\/w\/1920\/3991460800_6_4_1.jpg?ts=1706108367308']","terms":"jeans","section":"MAN"},{"brand":"Zara","url":"https:\/\/www.zara.com\/us\/en\/baggy-fit-jeans-p00840460.html","name":"BAGGY FIT JEANS","description":"Baggy jeans. Five pockets. Washed effect. Front zip and button closure.","price":69.9,"currency":"USD","images":"['https:\/\/static.zara.net\/photos\/\/\/2024\/V\/0\/2\/p\/0840\/460\/400\/2\/w\/1920\/0840460400_1_1_1.jpg?ts=1707468668792', 'https:\/\/static.zara.net\/photos\/\/\/2024\/V\/0\/2\/p\/0840\/460\/400\/2\/w\/1920\/0840460400_2_1_1.jpg?ts=1707468669273', 'https:\/\/static.zara.net\/photos\/\/\/2024\/V\/0\/2\/p\/0840\/460\/400\/2\/w\/1920\/0840460400_2_2_1.jpg?ts=1707468668966', 'https:\/\/static.zara.net\/photos\/\/\/2024\/V\/0\/2\/p\/0840\/460\/400\/2\/w\/1920\/0840460400_2_3_1.jpg?ts=1707468669018', 'https:\/\/static.zara.net\/photos\/\/\/2024\/V\/0\/2\/p\/0840\/460\/400\/2\/w\/1920\/0840460400_2_4_1.jpg?ts=1707468668577', 'https:\/\/static.zara.net\/photos\/\/\/2024\/V\/0\/2\/p\/0840\/460\/400\/2\/w\/1920\/0840460400_6_1_1.jpg?ts=1707405226818', 'https:\/\/static.zara.net\/photos\/\/\/2024\/V\/0\/2\/p\/0840\/460\/400\/2\/w\/1920\/0840460400_6_2_1.jpg?ts=1707405226821', 'https:\/\/static.zara.net\/photos\/\/\/2024\/V\/0\/2\/p\/0840\/460\/400\/2\/w\/1920\/0840460400_6_3_1.jpg?ts=1707405226978', 'https:\/\/static.zara.net\/photos\/\/\/2024\/V\/0\/2\/p\/0840\/460\/400\/2\/w\/1920\/0840460400_6_4_1.jpg?ts=1707405227008']","terms":"jeans","section":"MAN"},{"brand":"Zara","url":"https:\/\/www.zara.com\/us\/en\/textured-baggy-jeans-limited-edition-p01538420.html","name":"TEXTURED BAGGY JEANS LIMITED EDITION","description":"Baggy jeans. Five pockets. All over washed and uneven textured effect. Front zip and button closure.","price":69.9,"currency":"USD","images":"['https:\/\/static.zara.net\/photos\/\/\/2024\/V\/0\/2\/p\/1538\/420\/800\/2\/w\/1920\/1538420800_1_1_1.jpg?ts=1706806909961', 'https:\/\/static.zara.net\/photos\/\/\/2024\/V\/0\/2\/p\/1538\/420\/800\/2\/w\/1920\/1538420800_2_1_1.jpg?ts=1706806910009', 'https:\/\/static.zara.net\/photos\/\/\/2024\/V\/0\/2\/p\/1538\/420\/800\/2\/w\/1920\/1538420800_2_2_1.jpg?ts=1706806910230', 'https:\/\/static.zara.net\/photos\/\/\/2024\/V\/0\/2\/p\/1538\/420\/800\/2\/w\/1920\/1538420800_2_3_1.jpg?ts=1706806909786', 'https:\/\/static.zara.net\/photos\/\/\/2024\/V\/0\/2\/p\/1538\/420\/800\/2\/w\/1920\/1538420800_2_4_1.jpg?ts=1706806909869', 'https:\/\/static.zara.net\/photos\/\/\/2024\/V\/0\/2\/p\/1538\/420\/800\/2\/w\/1920\/1538420800_6_1_1.jpg?ts=1707212079386', 'https:\/\/static.zara.net\/photos\/\/\/2024\/V\/0\/2\/p\/1538\/420\/800\/2\/w\/1920\/1538420800_6_2_1.jpg?ts=1707212078841', 'https:\/\/static.zara.net\/photos\/\/\/2024\/V\/0\/2\/p\/1538\/420\/800\/2\/w\/1920\/1538420800_6_3_1.jpg?ts=1707212079004', 'https:\/\/static.zara.net\/photos\/\/\/2024\/V\/0\/2\/p\/1538\/420\/800\/2\/w\/1920\/1538420800_6_4_1.jpg?ts=1707212079002']","terms":"jeans","section":"MAN"}]