[{"brand":"Zara","url":"https:\/\/www.zara.com\/us\/en\/plaid-knit-jacquard-coat-p02756110.html","name":"PLAID KNIT JACQUARD COAT","description":"Coat with lapel collar and long sleeves. Front patch pockets. Front button closure.","price":109.0,"currency":"USD","images":"['https:\/\/static.zara.net\/photos\/\/\/2023\/I\/0\/1\/p\/2756\/110\/802\/2\/w\/1920\/2756110802_6_1_1.jpg?ts=1698671377056', 'https:\/\/static.zara.net\/photos\/\/\/2023\/I\/0\/1\/p\/2756\/110\/802\/12\/w\/1920\/2756110802_1_1_1.jpg?ts=1699528539133', 'https:\/\/static.zara.net\/photos\/\/\/2023\/I\/0\/1\/p\/2756\/110\/802\/12\/w\/1920\/2756110802_2_1_1.jpg?ts=1699528539139', 'https:\/\/static.zara.net\/photos\/\/\/2023\/I\/0\/1\/p\/2756\/110\/802\/12\/w\/1920\/2756110802_2_2_1.jpg?ts=1699528539134', 'https:\/\/static.zara.net\/photos\/\/\/2023\/I\/0\/1\/p\/2756\/110\/802\/12\/w\/1920\/2756110802_2_3_1.jpg?ts=1699528539252', 'https:\/\/static.zara.net\/photos\/\/\/2023\/I\/0\/1\/p\/2756\/110\/802\/2\/w\/1920\/2756110802_6_2_1.jpg?ts=1698671378127', 'https:\/\/static.zara.net\/photos\/\/\/2023\/I\/0\/1\/p\/2756\/110\/802\/2\/w\/1920\/2756110802_6_3_1.jpg?ts=1698671379088', 'https:\/\/static.zara.net\/photos\/\/\/2023\/I\/0\/1\/p\/2756\/110\/802\/2\/w\/1920\/2756110802_6_4_1.jpg?ts=1698671378891']","terms":"knitwear","section":"WOMAN"},{"brand":"Zara","url":"https:\/\/www.zara.com\/us\/en\/crop-knit-coat-with-asymmetrical-scarf-p02756100.html","name":"CROP KNIT COAT WITH ASYMMETRICAL SCARF","description":"Round neck coat with asymmetrical scarf and long sleeves. Asymmetric hem with side vents. Front double breasted button closure.","price":89.9,"currency":"USD","images":"['https:\/\/static.zara.net\/photos\/\/\/2023\/I\/0\/1\/p\/2756\/100\/802\/2\/w\/1920\/2756100802_6_1_1.jpg?ts=1694762275600', 'https:\/\/static.zara.net\/photos\/\/\/2023\/I\/0\/1\/p\/2756\/100\/802\/17\/w\/1920\/2756100802_1_1_1.jpg?ts=1695378449314', 'https:\/\/static.zara.net\/photos\/\/\/2023\/I\/0\/1\/p\/2756\/100\/802\/17\/w\/1920\/2756100802_2_2_1.jpg?ts=1695378449167', 'https:\/\/static.zara.net\/photos\/\/\/2023\/I\/0\/1\/p\/2756\/100\/802\/17\/w\/1920\/2756100802_2_3_1.jpg?ts=1695378449195', 'https:\/\/static.zara.net\/photos\/\/\/2023\/I\/0\/1\/p\/2756\/100\/802\/17\/w\/1920\/2756100802_2_4_1.jpg?ts=1695378448991', 'https:\/\/static.zara.net\/photos\/\/\/2023\/I\/0\/1\/p\/2756\/100\/802\/2\/w\/1920\/2756100802_6_2_1.jpg?ts=1694762275596', 'https:\/\/static.zara.net\/photos\/\/\/2023\/I\/0\/1\/p\/2756\/100\/802\/2\/w\/1920\/2756100802_6_3_1.jpg?ts=1694762276048', 'https:\/\/static.zara.net\/photos\/\/\/2023\/I\/0\/1\/p\/2756\/100\/802\/2\/w\/1920\/2756100802_6_4_1.jpg?ts=1694762275640', 'https:\/\/static.zara.net\/photos\/\/\/2023\/I\/0\/1\/p\/2756\/100\/802\/2\/w\/1920\/2756100802_6_5_1.jpg?ts=1694762275159', 'https:\/\/static.zara.net\/photos\/\/\/2023\/I\/0\/1\/p\/2756\/100\/802\/2\/w\/1920\/2756100802_6_6_1.jpg?ts=1694762275641']","terms":"knitwear","section":"WOMAN"},{"brand":"Zara","url":"https:\/\/www.zara.com\/us\/en\/soft-knit-vest-p05536163.html","name":"SOFT KNIT VEST","description":"Round neck vest. Rib trim.","price":35.9,"currency":"USD","images":"['https:\/\/static.zara.net\/photos\/\/\/2023\/I\/0\/1\/p\/5536\/163\/803\/2\/w\/1920\/5536163803_1_1_1.jpg?ts=1699889261056', 'https:\/\/static.zara.net\/photos\/\/\/2023\/I\/0\/1\/p\/5536\/163\/803\/2\/w\/1920\/5536163803_2_1_1.jpg?ts=1699889261515', 'https:\/\/static.zara.net\/photos\/\/\/2023\/I\/0\/1\/p\/5536\/163\/803\/2\/w\/1920\/5536163803_2_2_1.jpg?ts=1699889261194', 'https:\/\/static.zara.net\/photos\/\/\/2023\/I\/0\/1\/p\/5536\/163\/803\/2\/w\/1920\/5536163803_2_3_1.jpg?ts=1699889261080', 'https:\/\/static.zara.net\/photos\/\/\/2023\/I\/0\/1\/p\/5536\/163\/803\/2\/w\/1920\/5536163803_2_4_1.jpg?ts=1699889261538', 'https:\/\/static.zara.net\/photos\/\/\/2023\/I\/0\/1\/p\/5536\/163\/803\/2\/w\/1920\/5536163803_6_1_1.jpg?ts=1699960314684', 'https:\/\/static.zara.net\/photos\/\/\/2023\/I\/0\/1\/p\/5536\/163\/803\/2\/w\/1920\/5536163803_6_2_1.jpg?ts=1699960314893', 'https:\/\/static.zara.net\/photos\/\/\/2023\/I\/0\/1\/p\/5536\/163\/803\/2\/w\/1920\/5536163803_6_3_1.jpg?ts=1699960314935']","terms":"knitwear","section":"WOMAN"},{"brand":"Zara","url":"https:\/\/www.zara.com\/us\/en\/wool-blend-knit-coat-p02142228.html","name":"WOOL BLEND KNIT COAT","description":"Open front coat made of 51% wool. Lapel collar and long sleeves. Front patch pockets.","price":159.0,"currency":"USD","images":"['https:\/\/static.zara.net\/photos\/\/\/2024\/V\/0\/1\/p\/2142\/228\/723\/2\/w\/1920\/2142228723_1_1_1.jpg?ts=1705662418736', 'https:\/\/static.zara.net\/photos\/\/\/2024\/V\/0\/1\/p\/2142\/228\/723\/2\/w\/1920\/2142228723_2_1_1.jpg?ts=1705662417707', 'https:\/\/static.zara.net\/photos\/\/\/2024\/V\/0\/1\/p\/2142\/228\/723\/2\/w\/1920\/2142228723_2_2_1.jpg?ts=1705662417709', 'https:\/\/static.zara.net\/photos\/\/\/2024\/V\/0\/1\/p\/2142\/228\/723\/2\/w\/1920\/2142228723_2_3_1.jpg?ts=1705662419066', 'https:\/\/static.zara.net\/photos\/\/\/2024\/V\/0\/1\/p\/2142\/228\/723\/2\/w\/1920\/2142228723_6_1_1.jpg?ts=1705594207177', 'https:\/\/static.zara.net\/photos\/\/\/2024\/V\/0\/1\/p\/2142\/228\/723\/2\/w\/1920\/2142228723_6_2_1.jpg?ts=1705594210103', 'https:\/\/static.zara.net\/photos\/\/\/2024\/V\/0\/1\/p\/2142\/228\/723\/2\/w\/1920\/2142228723_6_3_1.jpg?ts=1705594209670', 'https:\/\/static.zara.net\/photos\/\/\/2024\/V\/0\/1\/p\/2142\/228\/723\/2\/w\/1920\/2142228723_6_4_1.jpg?ts=1705594209509']","terms":"knitwear","section":"WOMAN"},{"brand":"Zara","url":"https:\/\/www.zara.com\/us\/en\/soft-knit-vest-p05536157.html","name":"SOFT KNIT VEST","description":"V-neck vest. Rib trim.","price":35.9,"currency":"USD","images":"['https:\/\/static.zara.net\/photos\/\/\/2023\/I\/0\/1\/p\/5536\/157\/803\/2\/w\/1920\/5536157803_6_1_1.jpg?ts=1694083359360', 'https:\/\/static.zara.net\/photos\/\/\/2024\/V\/0\/1\/p\/5536\/157\/803\/18\/w\/1920\/5536157803_1_1_1.jpg?ts=1703151579451', 'https:\/\/static.zara.net\/photos\/\/\/2024\/V\/0\/1\/p\/5536\/157\/803\/18\/w\/1920\/5536157803_2_1_1.jpg?ts=1703174008361', 'https:\/\/static.zara.net\/photos\/\/\/2024\/V\/0\/1\/p\/5536\/157\/803\/18\/w\/1920\/5536157803_2_2_1.jpg?ts=1703151569432', 'https:\/\/static.zara.net\/photos\/\/\/2024\/V\/0\/1\/p\/5536\/157\/803\/18\/w\/1920\/5536157803_2_3_1.jpg?ts=1703151571648', 'https:\/\/static.zara.net\/photos\/\/\/2023\/I\/0\/1\/p\/5536\/157\/803\/2\/w\/1920\/5536157803_6_2_1.jpg?ts=1694083359608', 'https:\/\/static.zara.net\/photos\/\/\/2023\/I\/0\/1\/p\/5536\/157\/803\/2\/w\/1920\/5536157803_6_3_1.jpg?ts=1694083359325', 'https:\/\/static.zara.net\/photos\/\/\/2023\/I\/0\/1\/p\/5536\/157\/803\/2\/w\/1920\/5536157803_6_4_1.jpg?ts=1694083360070']","terms":"knitwear","section":"WOMAN"}]