[{"brand":"Zara","url":"https:\/\/www.zara.com\/us\/en\/100-linen-shirt-p03090200.html","name":"100% LINEN SHIRT","description":"Relaxed fit shirt made of linen. Spread collar and short sleeves. Front button closure.","price":49.9,"currency":"USD","images":"['https:\/\/static.zara.net\/photos\/\/\/2024\/V\/0\/2\/p\/3090\/200\/800\/2\/w\/1920\/3090200800_1_1_1.jpg?ts=1707310265174', 'https:\/\/static.zara.net\/photos\/\/\/2024\/V\/0\/2\/p\/3090\/200\/800\/2\/w\/1920\/3090200800_2_1_1.jpg?ts=1707310264561', 'https:\/\/static.zara.net\/photos\/\/\/2024\/V\/0\/2\/p\/3090\/200\/800\/2\/w\/1920\/3090200800_2_2_1.jpg?ts=1707310264505', 'https:\/\/static.zara.net\/photos\/\/\/2024\/V\/0\/2\/p\/3090\/200\/800\/2\/w\/1920\/3090200800_2_3_1.jpg?ts=1707310264596', 'https:\/\/static.zara.net\/photos\/\/\/2024\/V\/0\/2\/p\/3090\/200\/800\/2\/w\/1920\/3090200800_2_4_1.jpg?ts=1707310265682', 'https:\/\/static.zara.net\/photos\/\/\/2024\/V\/0\/2\/p\/3090\/200\/800\/2\/w\/1920\/3090200800_2_5_1.jpg?ts=1707310265223', 'https:\/\/static.zara.net\/photos\/\/\/2024\/V\/0\/2\/p\/3090\/200\/800\/2\/w\/1920\/3090200800_2_6_1.jpg?ts=1707310265236', 'https:\/\/static.zara.net\/photos\/\/\/2024\/V\/0\/2\/p\/3090\/200\/800\/2\/w\/1920\/3090200800_6_1_1.jpg?ts=1707215614091', 'https:\/\/static.zara.net\/photos\/\/\/2024\/V\/0\/2\/p\/3090\/200\/800\/2\/w\/1920\/3090200800_6_2_1.jpg?ts=1707215613965', 'https:\/\/static.zara.net\/photos\/\/\/2024\/V\/0\/2\/p\/3090\/200\/800\/2\/w\/1920\/3090200800_6_3_1.jpg?ts=1707215616689']","terms":"linen","section":"MAN"},{"brand":"Zara","url":"https:\/\/www.zara.com\/us\/en\/100-linen-shirt-p03090470.html","name":"100% LINEN SHIRT","description":"Shirt made of linen. Lapel collar and long sleeves with buttoned cuffs. Front button closure.","price":59.9,"currency":"USD","images":"['https:\/\/static.zara.net\/photos\/\/\/2024\/V\/0\/2\/p\/3090\/470\/403\/2\/w\/1920\/3090470403_1_1_1.jpg?ts=1705593001168', 'https:\/\/static.zara.net\/photos\/\/\/2024\/V\/0\/2\/p\/3090\/470\/403\/2\/w\/1920\/3090470403_2_1_1.jpg?ts=1705666115366', 'https:\/\/static.zara.net\/photos\/\/\/2024\/V\/0\/2\/p\/3090\/470\/403\/2\/w\/1920\/3090470403_2_2_1.jpg?ts=1705593003245', 'https:\/\/static.zara.net\/photos\/\/\/2024\/V\/0\/2\/p\/3090\/470\/403\/2\/w\/1920\/3090470403_2_3_1.jpg?ts=1705593001037', 'https:\/\/static.zara.net\/photos\/\/\/2024\/V\/0\/2\/p\/3090\/470\/403\/2\/w\/1920\/3090470403_2_4_1.jpg?ts=1705593005145', 'https:\/\/static.zara.net\/photos\/\/\/2024\/V\/0\/2\/p\/3090\/470\/403\/2\/w\/1920\/3090470403_2_5_1.jpg?ts=1705593003990', 'https:\/\/static.zara.net\/photos\/\/\/2024\/V\/0\/2\/p\/3090\/470\/403\/2\/w\/1920\/3090470403_2_6_1.jpg?ts=1705593004998', 'https:\/\/static.zara.net\/photos\/\/\/2024\/V\/0\/2\/p\/3090\/470\/403\/2\/w\/1920\/3090470403_6_1_1.jpg?ts=1705566327048', 'https:\/\/static.zara.net\/photos\/\/\/2024\/V\/0\/2\/p\/3090\/470\/403\/2\/w\/1920\/3090470403_6_2_1.jpg?ts=1705566327037', 'https:\/\/static.zara.net\/photos\/\/\/2024\/V\/0\/2\/p\/3090\/470\/403\/2\/w\/1920\/3090470403_6_3_1.jpg?ts=1705566329358']","terms":"linen","section":"MAN"},{"brand":"Zara","url":"https:\/\/www.zara.com\/us\/en\/100-linen-shorts-p02634601.html","name":"100% LINEN SHORTS","description":"Shorts made of linen fabric. Adjustable elastic drawstring waistband and front pleats. Front pockets and back patch pockets.","price":49.9,"currency":"USD","images":"['https:\/\/static.zara.net\/photos\/\/\/2024\/V\/0\/2\/p\/2634\/601\/250\/2\/w\/1920\/2634601250_1_1_1.jpg?ts=1707307587909', 'https:\/\/static.zara.net\/photos\/\/\/2024\/V\/0\/2\/p\/2634\/601\/250\/2\/w\/1920\/2634601250_2_1_1.jpg?ts=1707307588847', 'https:\/\/static.zara.net\/photos\/\/\/2024\/V\/0\/2\/p\/2634\/601\/250\/2\/w\/1920\/2634601250_2_2_1.jpg?ts=1707307587992', 'https:\/\/static.zara.net\/photos\/\/\/2024\/V\/0\/2\/p\/2634\/601\/250\/2\/w\/1920\/2634601250_2_3_1.jpg?ts=1707307587915', 'https:\/\/static.zara.net\/photos\/\/\/2024\/V\/0\/2\/p\/2634\/601\/250\/2\/w\/1920\/2634601250_2_4_1.jpg?ts=1707307588001', 'https:\/\/static.zara.net\/photos\/\/\/2024\/V\/0\/2\/p\/2634\/601\/250\/2\/w\/1920\/2634601250_6_1_1.jpg?ts=1707295678272', 'https:\/\/static.zara.net\/photos\/\/\/2024\/V\/0\/2\/p\/2634\/601\/250\/2\/w\/1920\/2634601250_6_2_1.jpg?ts=1707295677948', 'https:\/\/static.zara.net\/photos\/\/\/2024\/V\/0\/2\/p\/2634\/601\/250\/2\/w\/1920\/2634601250_6_3_1.jpg?ts=1707295683949', 'https:\/\/static.zara.net\/photos\/\/\/2024\/V\/0\/2\/p\/2634\/601\/250\/2\/w\/1920\/2634601250_6_4_1.jpg?ts=1707295682226']","terms":"linen","section":"MAN"},{"brand":"Zara","url":"https:\/\/www.zara.com\/us\/en\/linen---cotton-shirt-p01063407.html","name":"LINEN - COTTON SHIRT","description":"Regular fit shirt made of linen and cotton blend fabric. Buttoned collar and long sleeves with buttoned cuffs. Front button closure.","price":49.9,"currency":"USD","images":"['https:\/\/static.zara.net\/photos\/\/\/2024\/V\/0\/2\/p\/1063\/407\/250\/2\/w\/1920\/1063407250_1_1_1.jpg?ts=1703780815718', 'https:\/\/static.zara.net\/photos\/\/\/2024\/V\/0\/1\/p\/1063\/407\/250\/2\/w\/1920\/1063407250_2_1_1.jpg?ts=1704962879801', 'https:\/\/static.zara.net\/photos\/\/\/2024\/V\/0\/2\/p\/1063\/407\/250\/2\/w\/1920\/1063407250_2_2_1.jpg?ts=1703780816429', 'https:\/\/static.zara.net\/photos\/\/\/2024\/V\/0\/2\/p\/1063\/407\/250\/2\/w\/1920\/1063407250_2_3_1.jpg?ts=1703780816613', 'https:\/\/static.zara.net\/photos\/\/\/2024\/V\/0\/2\/p\/1063\/407\/250\/2\/w\/1920\/1063407250_2_4_1.jpg?ts=1703780816681', 'https:\/\/static.zara.net\/photos\/\/\/2024\/V\/0\/2\/p\/1063\/407\/250\/2\/w\/1920\/1063407250_2_5_1.jpg?ts=1703780816820', 'https:\/\/static.zara.net\/photos\/\/\/2024\/V\/0\/2\/p\/1063\/407\/250\/2\/w\/1920\/1063407250_6_1_1.jpg?ts=1703759573743', 'https:\/\/static.zara.net\/photos\/\/\/2024\/V\/0\/2\/p\/1063\/407\/250\/2\/w\/1920\/1063407250_6_2_1.jpg?ts=1703759573760', 'https:\/\/static.zara.net\/photos\/\/\/2024\/V\/0\/2\/p\/1063\/407\/250\/2\/w\/1920\/1063407250_6_3_1.jpg?ts=1703759577615']","terms":"linen","section":"MAN"},{"brand":"Zara","url":"https:\/\/www.zara.com\/us\/en\/viscose-blend-striped-shirt-p05679450.html","name":"VISCOSE BLEND STRIPED SHIRT","description":"Relaxed fit shirt made of viscose blend fabric. Spread collar and short sleeves. Front button closure.","price":49.9,"currency":"USD","images":"['https:\/\/static.zara.net\/photos\/\/\/2024\/V\/0\/2\/p\/5679\/450\/250\/2\/w\/1920\/5679450250_1_1_1.jpg?ts=1705480886803', 'https:\/\/static.zara.net\/photos\/\/\/2024\/V\/0\/2\/p\/5679\/450\/250\/2\/w\/1920\/5679450250_2_1_1.jpg?ts=1705480887321', 'https:\/\/static.zara.net\/photos\/\/\/2024\/V\/0\/2\/p\/5679\/450\/250\/2\/w\/1920\/5679450250_2_2_1.jpg?ts=1705480889159', 'https:\/\/static.zara.net\/photos\/\/\/2024\/V\/0\/2\/p\/5679\/450\/250\/2\/w\/1920\/5679450250_2_3_1.jpg?ts=1705480887129', 'https:\/\/static.zara.net\/photos\/\/\/2024\/V\/0\/2\/p\/5679\/450\/250\/2\/w\/1920\/5679450250_2_4_1.jpg?ts=1705480888901', 'https:\/\/static.zara.net\/photos\/\/\/2024\/V\/0\/2\/p\/5679\/450\/250\/2\/w\/1920\/5679450250_6_1_1.jpg?ts=1705322983716', 'https:\/\/static.zara.net\/photos\/\/\/2024\/V\/0\/2\/p\/5679\/450\/250\/2\/w\/1920\/5679450250_6_2_1.jpg?ts=1705322983602', 'https:\/\/static.zara.net\/photos\/\/\/2024\/V\/0\/2\/p\/5679\/450\/250\/2\/w\/1920\/5679450250_6_3_1.jpg?ts=1705322985283']","terms":"linen","section":"MAN"}]