[{"brand":"Zara","url":"https:\/\/www.zara.com\/us\/en\/boxy-fit-overshirt-p06861791.html","name":"BOXY FIT OVERSHIRT","description":"Boxy overshirt made with velvet finish fabric. Lapel collar and long sleeves with buttoned cuffs. Chest patch pockets. Front button closure.","price":89.9,"currency":"USD","images":"['https:\/\/static.zara.net\/photos\/\/\/2024\/V\/0\/2\/p\/6861\/791\/800\/2\/w\/1920\/6861791800_1_1_1.jpg?ts=1706111266915', 'https:\/\/static.zara.net\/photos\/\/\/2024\/V\/0\/2\/p\/6861\/791\/800\/2\/w\/1920\/6861791800_2_1_1.jpg?ts=1706111270944', 'https:\/\/static.zara.net\/photos\/\/\/2024\/V\/0\/2\/p\/6861\/791\/800\/2\/w\/1920\/6861791800_2_2_1.jpg?ts=1706111268800', 'https:\/\/static.zara.net\/photos\/\/\/2024\/V\/0\/2\/p\/6861\/791\/800\/2\/w\/1920\/6861791800_2_3_1.jpg?ts=1706111266440', 'https:\/\/static.zara.net\/photos\/\/\/2024\/V\/0\/2\/p\/6861\/791\/800\/2\/w\/1920\/6861791800_2_4_1.jpg?ts=1706111272437', 'https:\/\/static.zara.net\/photos\/\/\/2024\/V\/0\/2\/p\/6861\/791\/800\/2\/w\/1920\/6861791800_2_5_1.jpg?ts=1706111269359', 'https:\/\/static.zara.net\/photos\/\/\/2024\/V\/0\/2\/p\/6861\/791\/800\/2\/w\/1920\/6861791800_2_6_1.jpg?ts=1706111272663', 'https:\/\/static.zara.net\/photos\/\/\/2024\/V\/0\/2\/p\/6861\/791\/800\/2\/w\/1920\/6861791800_6_1_1.jpg?ts=1706093229914', 'https:\/\/static.zara.net\/photos\/\/\/2024\/V\/0\/2\/p\/6861\/791\/800\/2\/w\/1920\/6861791800_6_2_1.jpg?ts=1706093229150', 'https:\/\/static.zara.net\/photos\/\/\/2024\/V\/0\/2\/p\/6861\/791\/800\/2\/w\/1920\/6861791800_6_3_1.jpg?ts=1706093231447']","terms":"overshirts","section":"MAN"},{"brand":"Zara","url":"https:\/\/www.zara.com\/us\/en\/combination-plaid-overshirt-p05320402.html","name":"COMBINATION PLAID OVERSHIRT","description":"Relaxed fit overshirt made of viscose blend fabric. Lapel collar and long sleeves with buttoned cuffs. Chest patch pocket. Irregular trim. Front button closure.","price":59.9,"currency":"USD","images":"['https:\/\/static.zara.net\/photos\/\/\/2024\/V\/0\/2\/p\/5320\/402\/093\/2\/w\/1920\/5320402093_1_1_1.jpg?ts=1705667400316', 'https:\/\/static.zara.net\/photos\/\/\/2024\/V\/0\/2\/p\/5320\/402\/093\/2\/w\/1920\/5320402093_2_1_1.jpg?ts=1705667399394', 'https:\/\/static.zara.net\/photos\/\/\/2024\/V\/0\/2\/p\/5320\/402\/093\/2\/w\/1920\/5320402093_2_2_1.jpg?ts=1705667399621', 'https:\/\/static.zara.net\/photos\/\/\/2024\/V\/0\/2\/p\/5320\/402\/093\/2\/w\/1920\/5320402093_2_3_1.jpg?ts=1705667400152', 'https:\/\/static.zara.net\/photos\/\/\/2024\/V\/0\/2\/p\/5320\/402\/093\/2\/w\/1920\/5320402093_2_4_1.jpg?ts=1705667402146', 'https:\/\/static.zara.net\/photos\/\/\/2024\/V\/0\/2\/p\/5320\/402\/093\/2\/w\/1920\/5320402093_2_5_1.jpg?ts=1705667402145', 'https:\/\/static.zara.net\/photos\/\/\/2024\/V\/0\/2\/p\/5320\/402\/093\/2\/w\/1920\/5320402093_6_1_1.jpg?ts=1705566328120', 'https:\/\/static.zara.net\/photos\/\/\/2024\/V\/0\/2\/p\/5320\/402\/093\/2\/w\/1920\/5320402093_6_2_1.jpg?ts=1705566328191', 'https:\/\/static.zara.net\/photos\/\/\/2024\/V\/0\/2\/p\/5320\/402\/093\/2\/w\/1920\/5320402093_6_3_1.jpg?ts=1705566329204']","terms":"overshirts","section":"MAN"},{"brand":"Zara","url":"https:\/\/www.zara.com\/us\/en\/-p04407976.html","name":null,"description":null,"price":79.9,"currency":"USD","images":"['https:\/\/static.zara.net\/photos\/\/\/2024\/V\/0\/2\/p\/4407\/976\/802\/2\/w\/1920\/4407976802_1_1_1.jpg?ts=1708010814754', 'https:\/\/static.zara.net\/photos\/\/\/2024\/V\/0\/2\/p\/4407\/976\/802\/2\/w\/1920\/4407976802_2_1_1.jpg?ts=1708010816272', 'https:\/\/static.zara.net\/photos\/\/\/2024\/V\/0\/2\/p\/4407\/976\/802\/2\/w\/1920\/4407976802_2_2_1.jpg?ts=1708010816117', 'https:\/\/static.zara.net\/photos\/\/\/2024\/V\/0\/2\/p\/4407\/976\/802\/2\/w\/1920\/4407976802_2_3_1.jpg?ts=1708010815425', 'https:\/\/static.zara.net\/photos\/\/\/2024\/V\/0\/2\/p\/4407\/976\/802\/2\/w\/1920\/4407976802_2_4_1.jpg?ts=1708010816207', 'https:\/\/static.zara.net\/photos\/\/\/2024\/V\/0\/3\/p\/4407\/976\/802\/2\/w\/1920\/4407976802_6_1_1.jpg?ts=1708002843413', 'https:\/\/static.zara.net\/photos\/\/\/2024\/V\/0\/3\/p\/4407\/976\/802\/2\/w\/1920\/4407976802_6_2_1.jpg?ts=1708002843523', 'https:\/\/static.zara.net\/photos\/\/\/2024\/V\/0\/3\/p\/4407\/976\/802\/2\/w\/1920\/4407976802_6_3_1.jpg?ts=1708002843598']","terms":"overshirts","section":"MAN"},{"brand":"Zara","url":"https:\/\/www.zara.com\/us\/en\/pocket-overshirt-p06705931.html","name":"POCKET OVERSHIRT","description":"Regular fit overshirt. Lapel collar and long sleeves with buttoned cuffs. Front flap patch pockets. Front button closure.","price":19.99,"currency":"USD","images":"['https:\/\/static.zara.net\/photos\/\/\/2023\/I\/0\/2\/p\/6705\/931\/706\/2\/w\/1920\/6705931706_1_1_1.jpg?ts=1698756945015', 'https:\/\/static.zara.net\/photos\/\/\/2023\/I\/0\/2\/p\/6705\/931\/706\/2\/w\/1920\/6705931706_2_1_1.jpg?ts=1698756945661', 'https:\/\/static.zara.net\/photos\/\/\/2023\/I\/0\/2\/p\/6705\/931\/706\/2\/w\/1920\/6705931706_2_2_1.jpg?ts=1698756944738', 'https:\/\/static.zara.net\/photos\/\/\/2023\/I\/0\/2\/p\/6705\/931\/706\/2\/w\/1920\/6705931706_2_3_1.jpg?ts=1698756944709', 'https:\/\/static.zara.net\/photos\/\/\/2023\/I\/0\/2\/p\/6705\/931\/706\/2\/w\/1920\/6705931706_2_4_1.jpg?ts=1698756944684', 'https:\/\/static.zara.net\/photos\/\/\/2023\/I\/0\/2\/p\/6705\/931\/706\/2\/w\/1920\/6705931706_2_5_1.jpg?ts=1698756945144', 'https:\/\/static.zara.net\/photos\/\/\/2023\/I\/0\/2\/p\/6705\/931\/706\/2\/w\/1920\/6705931706_6_1_1.jpg?ts=1698314926615', 'https:\/\/static.zara.net\/photos\/\/\/2023\/I\/0\/2\/p\/6705\/931\/706\/2\/w\/1920\/6705931706_6_2_1.jpg?ts=1698314926643', 'https:\/\/static.zara.net\/photos\/\/\/2023\/I\/0\/2\/p\/6705\/931\/706\/2\/w\/1920\/6705931706_6_3_1.jpg?ts=1698314927234']","terms":"overshirts","section":"MAN"}]