[{"brand":"Zara","url":"https:\/\/www.zara.com\/us\/en\/oversized-jogger-pants-limited-edition-p04087492.html","name":"OVERSIZED JOGGER PANTS LIMITED EDITION","description":"Oversize pants. Adjustable elastic waistband with front pleats. Front pockets and back patch pocket. Turned up cuffs.","price":59.9,"currency":"USD","images":"['https:\/\/static.zara.net\/photos\/\/\/2024\/V\/0\/2\/p\/4087\/492\/800\/2\/w\/1920\/4087492800_1_1_1.jpg?ts=1706806868516', 'https:\/\/static.zara.net\/photos\/\/\/2024\/V\/0\/2\/p\/4087\/492\/800\/2\/w\/1920\/4087492800_2_1_1.jpg?ts=1706806869716', 'https:\/\/static.zara.net\/photos\/\/\/2024\/V\/0\/2\/p\/4087\/492\/800\/2\/w\/1920\/4087492800_2_2_1.jpg?ts=1706806869665', 'https:\/\/static.zara.net\/photos\/\/\/2024\/V\/0\/2\/p\/4087\/492\/800\/2\/w\/1920\/4087492800_2_3_1.jpg?ts=1706806869326', 'https:\/\/static.zara.net\/photos\/\/\/2024\/V\/0\/2\/p\/4087\/492\/800\/2\/w\/1920\/4087492800_6_1_1.jpg?ts=1704817622610', 'https:\/\/static.zara.net\/photos\/\/\/2024\/V\/0\/2\/p\/4087\/492\/800\/2\/w\/1920\/4087492800_6_2_1.jpg?ts=1704817622563', 'https:\/\/static.zara.net\/photos\/\/\/2024\/V\/0\/2\/p\/4087\/492\/800\/2\/w\/1920\/4087492800_6_3_1.jpg?ts=1704817623162', 'https:\/\/static.zara.net\/photos\/\/\/2024\/V\/0\/2\/p\/4087\/492\/800\/2\/w\/1920\/4087492800_6_4_1.jpg?ts=1704817623052']","terms":"pants","section":"MAN"},{"brand":"Zara","url":"https:\/\/www.zara.com\/us\/en\/utility-pocket-jeans-p05575470.html","name":"UTILITY POCKET JEANS","description":"Relaxed fit pants. Front pockets and back patch pockets. Multi-functional pockets at legs. Adjustable hem with straps. Front zip and button closure.","price":89.9,"currency":"USD","images":"['https:\/\/static.zara.net\/photos\/\/\/2024\/V\/0\/2\/p\/5575\/470\/806\/2\/w\/1920\/5575470806_1_1_1.jpg?ts=1701959349500', 'https:\/\/static.zara.net\/photos\/\/\/2024\/V\/0\/2\/p\/5575\/470\/806\/2\/w\/1920\/5575470806_2_1_1.jpg?ts=1701959349377', 'https:\/\/static.zara.net\/photos\/\/\/2024\/V\/0\/2\/p\/5575\/470\/806\/2\/w\/1920\/5575470806_2_2_1.jpg?ts=1701959349418', 'https:\/\/static.zara.net\/photos\/\/\/2024\/V\/0\/2\/p\/5575\/470\/806\/2\/w\/1920\/5575470806_2_3_1.jpg?ts=1701959349491', 'https:\/\/static.zara.net\/photos\/\/\/2024\/V\/0\/2\/p\/5575\/470\/806\/2\/w\/1920\/5575470806_2_4_1.jpg?ts=1701959349659', 'https:\/\/static.zara.net\/photos\/\/\/2024\/V\/0\/2\/p\/5575\/470\/806\/2\/w\/1920\/5575470806_2_5_1.jpg?ts=1701959349517', 'https:\/\/static.zara.net\/photos\/\/\/2024\/V\/0\/2\/p\/5575\/470\/806\/2\/w\/1920\/5575470806_6_1_1.jpg?ts=1701943442599', 'https:\/\/static.zara.net\/photos\/\/\/2024\/V\/0\/2\/p\/5575\/470\/806\/2\/w\/1920\/5575470806_6_2_1.jpg?ts=1701943442563', 'https:\/\/static.zara.net\/photos\/\/\/2024\/V\/0\/2\/p\/5575\/470\/806\/2\/w\/1920\/5575470806_6_3_1.jpg?ts=1701943442668', 'https:\/\/static.zara.net\/photos\/\/\/2024\/V\/0\/2\/p\/5575\/470\/806\/2\/w\/1920\/5575470806_6_4_1.jpg?ts=1701943442620', 'https:\/\/static.zara.net\/photos\/\/\/2024\/V\/0\/2\/p\/5575\/470\/806\/2\/w\/1920\/5575470806_6_5_1.jpg?ts=1701943442671']","terms":"pants","section":"MAN"},{"brand":"Zara","url":"https:\/\/www.zara.com\/us\/en\/utility-pocket-jeans-p05575471.html","name":"UTILITY POCKET JEANS","description":"Relaxed fit pants. Front pockets and back patch pockets. Multi-functional pockets at legs. Loop at hem. Washed effect. Front zip and button closure.","price":89.9,"currency":"USD","images":"['https:\/\/static.zara.net\/photos\/\/\/2024\/V\/0\/2\/p\/5575\/471\/800\/2\/w\/1920\/5575471800_1_1_1.jpg?ts=1707297980143', 'https:\/\/static.zara.net\/photos\/\/\/2024\/V\/0\/2\/p\/5575\/471\/800\/2\/w\/1920\/5575471800_2_1_1.jpg?ts=1707297979914', 'https:\/\/static.zara.net\/photos\/\/\/2024\/V\/0\/2\/p\/5575\/471\/800\/2\/w\/1920\/5575471800_2_2_1.jpg?ts=1707297979922', 'https:\/\/static.zara.net\/photos\/\/\/2024\/V\/0\/2\/p\/5575\/471\/800\/2\/w\/1920\/5575471800_2_3_1.jpg?ts=1707297980018', 'https:\/\/static.zara.net\/photos\/\/\/2024\/V\/0\/2\/p\/5575\/471\/800\/2\/w\/1920\/5575471800_2_4_1.jpg?ts=1707297981743', 'https:\/\/static.zara.net\/photos\/\/\/2024\/V\/0\/2\/p\/5575\/471\/800\/2\/w\/1920\/5575471800_6_1_1.jpg?ts=1707295791758', 'https:\/\/static.zara.net\/photos\/\/\/2024\/V\/0\/2\/p\/5575\/471\/800\/2\/w\/1920\/5575471800_6_2_1.jpg?ts=1707295791417', 'https:\/\/static.zara.net\/photos\/\/\/2024\/V\/0\/2\/p\/5575\/471\/800\/2\/w\/1920\/5575471800_6_3_1.jpg?ts=1707295793968', 'https:\/\/static.zara.net\/photos\/\/\/2024\/V\/0\/2\/p\/5575\/471\/800\/2\/w\/1920\/5575471800_6_4_1.jpg?ts=1707295793412']","terms":"pants","section":"MAN"},{"brand":"Zara","url":"https:\/\/www.zara.com\/us\/en\/linen-pants-in-100-linen-p02634003.html","name":"LINEN PANTS IN 100% LINEN","description":"Straight fit pants made of linen fabric. Adjustable drawstring waist. Front pockets and back welt pockets. Front zip and button closure.","price":69.9,"currency":"USD","images":"['https:\/\/static.zara.net\/photos\/\/\/2024\/V\/0\/2\/p\/2634\/003\/250\/2\/w\/1920\/2634003250_1_1_1.jpg?ts=1705480810221', 'https:\/\/static.zara.net\/photos\/\/\/2024\/V\/0\/2\/p\/2634\/003\/250\/2\/w\/1920\/2634003250_2_1_1.jpg?ts=1705480811106', 'https:\/\/static.zara.net\/photos\/\/\/2024\/V\/0\/2\/p\/2634\/003\/250\/2\/w\/1920\/2634003250_2_2_1.jpg?ts=1705480811689', 'https:\/\/static.zara.net\/photos\/\/\/2024\/V\/0\/2\/p\/2634\/003\/250\/2\/w\/1920\/2634003250_2_3_1.jpg?ts=1705480811187', 'https:\/\/static.zara.net\/photos\/\/\/2024\/V\/0\/2\/p\/2634\/003\/250\/2\/w\/1920\/2634003250_2_4_1.jpg?ts=1705480810983', 'https:\/\/static.zara.net\/photos\/\/\/2024\/V\/0\/2\/p\/2634\/003\/250\/2\/w\/1920\/2634003250_6_1_1.jpg?ts=1705334077081', 'https:\/\/static.zara.net\/photos\/\/\/2024\/V\/0\/2\/p\/2634\/003\/250\/2\/w\/1920\/2634003250_6_2_1.jpg?ts=1705334077103', 'https:\/\/static.zara.net\/photos\/\/\/2024\/V\/0\/2\/p\/2634\/003\/250\/2\/w\/1920\/2634003250_6_3_1.jpg?ts=1705334077826', 'https:\/\/static.zara.net\/photos\/\/\/2024\/V\/0\/2\/p\/2634\/003\/250\/2\/w\/1920\/2634003250_6_4_1.jpg?ts=1705334077734']","terms":"pants","section":"MAN"},{"brand":"Zara","url":"https:\/\/www.zara.com\/us\/en\/slim-fit-suit-pants-p01564521.html","name":"SLIM FIT SUIT PANTS","description":"Slim fit pants. Front pockets and back welt pockets. Front zip and button closure.","price":49.9,"currency":"USD","images":"['https:\/\/static.zara.net\/photos\/\/\/2023\/I\/0\/2\/p\/1564\/711\/401\/2\/w\/1920\/1564711401_1_1_1.jpg?ts=1689605445915', 'https:\/\/static.zara.net\/photos\/\/\/2023\/I\/0\/2\/p\/1564\/711\/401\/2\/w\/1920\/1564711401_2_1_1.jpg?ts=1689605447019', 'https:\/\/static.zara.net\/photos\/\/\/2023\/I\/0\/2\/p\/1564\/711\/401\/2\/w\/1920\/1564711401_2_2_1.jpg?ts=1689605446088', 'https:\/\/static.zara.net\/photos\/\/\/2023\/I\/0\/2\/p\/1564\/711\/401\/2\/w\/1920\/1564711401_2_3_1.jpg?ts=1689605444200', 'https:\/\/static.zara.net\/photos\/\/\/2023\/I\/0\/2\/p\/1564\/711\/401\/2\/w\/1920\/1564711401_6_1_1.jpg?ts=1689590615102', 'https:\/\/static.zara.net\/photos\/\/\/2023\/I\/0\/2\/p\/1564\/711\/401\/2\/w\/1920\/1564711401_6_2_1.jpg?ts=1689590615072', 'https:\/\/static.zara.net\/photos\/\/\/2023\/I\/0\/2\/p\/1564\/711\/401\/2\/w\/1920\/1564711401_6_3_1.jpg?ts=1689590616137', 'https:\/\/static.zara.net\/photos\/\/\/2023\/I\/0\/2\/p\/1564\/711\/401\/2\/w\/1920\/1564711401_6_4_1.jpg?ts=1689590618650']","terms":"pants","section":"MAN"}]