[{"brand":"Zara","url":"https:\/\/www.zara.com\/us\/en\/puffer-vest-p04302440.html","name":"PUFFER VEST","description":"Puffer vest with high collar. Zip pockets at hip. Adjustable hem with side elastics. Front zip closure.","price":59.9,"currency":"USD","images":"['https:\/\/static.zara.net\/photos\/\/\/2024\/V\/0\/2\/p\/4302\/440\/800\/2\/w\/1920\/4302440800_1_1_1.jpg?ts=1705667399419', 'https:\/\/static.zara.net\/photos\/\/\/2024\/V\/0\/2\/p\/4302\/440\/800\/2\/w\/1920\/4302440800_2_1_1.jpg?ts=1705667399618', 'https:\/\/static.zara.net\/photos\/\/\/2024\/V\/0\/2\/p\/4302\/440\/800\/2\/w\/1920\/4302440800_2_2_1.jpg?ts=1705667397877', 'https:\/\/static.zara.net\/photos\/\/\/2024\/V\/0\/2\/p\/4302\/440\/800\/2\/w\/1920\/4302440800_2_3_1.jpg?ts=1705667396780', 'https:\/\/static.zara.net\/photos\/\/\/2024\/V\/0\/2\/p\/4302\/440\/800\/2\/w\/1920\/4302440800_2_4_1.jpg?ts=1705667399258', 'https:\/\/static.zara.net\/photos\/\/\/2024\/V\/0\/2\/p\/4302\/440\/800\/2\/w\/1920\/4302440800_2_5_1.jpg?ts=1705667398354', 'https:\/\/static.zara.net\/photos\/\/\/2024\/V\/0\/2\/p\/4302\/440\/800\/2\/w\/1920\/4302440800_6_1_1.jpg?ts=1705578063344', 'https:\/\/static.zara.net\/photos\/\/\/2024\/V\/0\/2\/p\/4302\/440\/800\/2\/w\/1920\/4302440800_6_2_1.jpg?ts=1705578063357', 'https:\/\/static.zara.net\/photos\/\/\/2024\/V\/0\/2\/p\/4302\/440\/800\/2\/w\/1920\/4302440800_6_3_1.jpg?ts=1705578063770']","terms":"puffers","section":"MAN"},{"brand":"Zara","url":"https:\/\/www.zara.com\/us\/en\/puffer-vest-p03918507.html","name":"PUFFER VEST","description":"Puffer vest with high collar. Welt pockets at hip. Front zip closure.","price":69.9,"currency":"USD","images":"['https:\/\/static.zara.net\/photos\/\/\/2024\/V\/0\/2\/p\/3918\/507\/251\/2\/w\/1920\/3918507251_2_1_1.jpg?ts=1706025463008', 'https:\/\/static.zara.net\/photos\/\/\/2024\/V\/0\/2\/p\/3918\/507\/251\/2\/w\/1920\/3918507251_2_4_1.jpg?ts=1706025464536', 'https:\/\/static.zara.net\/photos\/\/\/2024\/V\/0\/2\/p\/3918\/507\/251\/2\/w\/1920\/3918507251_1_1_1.jpg?ts=1706025461158', 'https:\/\/static.zara.net\/photos\/\/\/2024\/V\/0\/2\/p\/3918\/507\/251\/2\/w\/1920\/3918507251_2_2_1.jpg?ts=1706025461714', 'https:\/\/static.zara.net\/photos\/\/\/2024\/V\/0\/2\/p\/3918\/507\/251\/2\/w\/1920\/3918507251_2_3_1.jpg?ts=1706025461702', 'https:\/\/static.zara.net\/photos\/\/\/2024\/V\/0\/2\/p\/3918\/507\/251\/2\/w\/1920\/3918507251_2_5_1.jpg?ts=1706025463611', 'https:\/\/static.zara.net\/photos\/\/\/2024\/V\/0\/2\/p\/3918\/507\/251\/2\/w\/1920\/3918507251_2_6_1.jpg?ts=1706025465257', 'https:\/\/static.zara.net\/photos\/\/\/2024\/V\/0\/2\/p\/3918\/507\/251\/2\/w\/1920\/3918507251_6_1_1.jpg?ts=1705501944364', 'https:\/\/static.zara.net\/photos\/\/\/2024\/V\/0\/2\/p\/3918\/507\/251\/2\/w\/1920\/3918507251_6_2_1.jpg?ts=1705501944376', 'https:\/\/static.zara.net\/photos\/\/\/2024\/V\/0\/2\/p\/3918\/507\/251\/2\/w\/1920\/3918507251_6_3_1.jpg?ts=1705501944707']","terms":"puffers","section":"MAN"},{"brand":"Zara","url":"https:\/\/www.zara.com\/us\/en\/100-feather-fill-puffer-vest-p04302405.html","name":"100% FEATHER FILL PUFFER VEST","description":"Puffer vest made of technical fabric with shiny finish. Fill is a blend of 80% down and 20% feathers. Sleeveless design with high collar. Welt pockets at hip and interior pocket. Front zip closure.","price":109.0,"currency":"USD","images":"['https:\/\/static.zara.net\/photos\/\/\/2024\/V\/0\/2\/p\/4302\/405\/505\/2\/w\/1920\/4302405505_1_1_1.jpg?ts=1705054558553', 'https:\/\/static.zara.net\/photos\/\/\/2024\/V\/0\/2\/p\/4302\/405\/505\/2\/w\/1920\/4302405505_2_1_1.jpg?ts=1705054561754', 'https:\/\/static.zara.net\/photos\/\/\/2024\/V\/0\/2\/p\/4302\/405\/505\/2\/w\/1920\/4302405505_2_2_1.jpg?ts=1705054562037', 'https:\/\/static.zara.net\/photos\/\/\/2024\/V\/0\/2\/p\/4302\/405\/505\/2\/w\/1920\/4302405505_2_3_1.jpg?ts=1705054557242', 'https:\/\/static.zara.net\/photos\/\/\/2024\/V\/0\/2\/p\/4302\/405\/505\/2\/w\/1920\/4302405505_2_4_1.jpg?ts=1705054562816', 'https:\/\/static.zara.net\/photos\/\/\/2024\/V\/0\/2\/p\/4302\/405\/505\/2\/w\/1920\/4302405505_2_5_1.jpg?ts=1705054564077', 'https:\/\/static.zara.net\/photos\/\/\/2024\/V\/0\/2\/p\/4302\/405\/505\/2\/w\/1920\/4302405505_2_6_1.jpg?ts=1705054562477', 'https:\/\/static.zara.net\/photos\/\/\/2024\/V\/0\/2\/p\/4302\/405\/505\/2\/w\/1920\/4302405505_6_1_1.jpg?ts=1703848309675', 'https:\/\/static.zara.net\/photos\/\/\/2024\/V\/0\/2\/p\/4302\/405\/505\/2\/w\/1920\/4302405505_6_2_1.jpg?ts=1703848309674', 'https:\/\/static.zara.net\/photos\/\/\/2024\/V\/0\/2\/p\/4302\/405\/505\/2\/w\/1920\/4302405505_6_3_1.jpg?ts=1703848309683']","terms":"puffers","section":"MAN"},{"brand":"Zara","url":"https:\/\/www.zara.com\/us\/en\/hooded-puffer-vest-p06985453.html","name":"HOODED PUFFER VEST","description":"High collar puffer vest with adjustable hood. Sleeveless. Welt pockets at hip and interior pocket. Elastic hem. Front zip hidden by a snap button flap.","price":19.99,"currency":"USD","images":"['https:\/\/static.zara.net\/photos\/\/\/2023\/I\/0\/2\/p\/6985\/453\/250\/2\/w\/1920\/6985453250_1_1_1.jpg?ts=1691741037764', 'https:\/\/static.zara.net\/photos\/\/\/2023\/I\/0\/2\/p\/6985\/453\/250\/2\/w\/1920\/6985453250_2_1_1.jpg?ts=1691741039054', 'https:\/\/static.zara.net\/photos\/\/\/2023\/I\/0\/2\/p\/6985\/453\/250\/2\/w\/1920\/6985453250_2_2_1.jpg?ts=1691741037232', 'https:\/\/static.zara.net\/photos\/\/\/2023\/I\/0\/2\/p\/6985\/453\/250\/2\/w\/1920\/6985453250_2_3_1.jpg?ts=1691741037144', 'https:\/\/static.zara.net\/photos\/\/\/2023\/I\/0\/2\/p\/6985\/453\/250\/2\/w\/1920\/6985453250_2_4_1.jpg?ts=1691741037332', 'https:\/\/static.zara.net\/photos\/\/\/2023\/I\/0\/2\/p\/6985\/453\/250\/2\/w\/1920\/6985453250_2_5_1.jpg?ts=1691741038309', 'https:\/\/static.zara.net\/photos\/\/\/2023\/I\/0\/2\/p\/6985\/453\/250\/2\/w\/1920\/6985453250_6_1_1.jpg?ts=1691665575877', 'https:\/\/static.zara.net\/photos\/\/\/2023\/I\/0\/2\/p\/6985\/453\/250\/2\/w\/1920\/6985453250_6_2_1.jpg?ts=1691665624738', 'https:\/\/static.zara.net\/photos\/\/\/2023\/I\/0\/2\/p\/6985\/453\/250\/2\/w\/1920\/6985453250_6_3_1.jpg?ts=1691665577915']","terms":"puffers","section":"MAN"},{"brand":"Zara","url":"https:\/\/www.zara.com\/us\/en\/puffer-vest-p03411401.html","name":"PUFFER VEST","description":"Puffer vest made of technical fabric. Sleeveless with high collar. Zip pockets at hip and interior pocket. Adjustable hem with side elastics. Front zip closure.","price":69.9,"currency":"USD","images":"['https:\/\/static.zara.net\/photos\/\/\/2024\/V\/0\/2\/p\/3411\/401\/800\/2\/w\/1920\/3411401800_1_1_1.jpg?ts=1704878677368', 'https:\/\/static.zara.net\/photos\/\/\/2024\/V\/0\/2\/p\/3411\/401\/800\/2\/w\/1920\/3411401800_2_1_1.jpg?ts=1704878677578', 'https:\/\/static.zara.net\/photos\/\/\/2024\/V\/0\/2\/p\/3411\/401\/800\/2\/w\/1920\/3411401800_2_2_1.jpg?ts=1704878677577', 'https:\/\/static.zara.net\/photos\/\/\/2024\/V\/0\/2\/p\/3411\/401\/800\/2\/w\/1920\/3411401800_2_3_1.jpg?ts=1704878677360', 'https:\/\/static.zara.net\/photos\/\/\/2024\/V\/0\/2\/p\/3411\/401\/800\/2\/w\/1920\/3411401800_2_4_1.jpg?ts=1704878677361', 'https:\/\/static.zara.net\/photos\/\/\/2024\/V\/0\/2\/p\/3411\/401\/800\/2\/w\/1920\/3411401800_6_1_1.jpg?ts=1704457715371', 'https:\/\/static.zara.net\/photos\/\/\/2024\/V\/0\/2\/p\/3411\/401\/800\/2\/w\/1920\/3411401800_6_2_1.jpg?ts=1704457715595', 'https:\/\/static.zara.net\/photos\/\/\/2024\/V\/0\/2\/p\/3411\/401\/800\/2\/w\/1920\/3411401800_6_3_1.jpg?ts=1704457716056']","terms":"puffers","section":"MAN"}]