[{"brand":"Zara","url":"https:\/\/www.zara.com\/us\/en\/chunky-sole-chelsea-boots-p12010320.html","name":"CHUNKY SOLE CHELSEA BOOTS","description":"Chelsea boots. Shaft with elastic goring on both sides and back pull tab for ease. Rounded shape. Double welt around upper. Slightly chunky lug soles.","price":59.9,"currency":"USD","images":"['https:\/\/static.zara.net\/photos\/\/\/2024\/V\/1\/2\/p\/2010\/320\/800\/2\/w\/1920\/2010320800_2_1_1.jpg?ts=1700571757854', 'https:\/\/static.zara.net\/photos\/\/\/2024\/V\/1\/2\/p\/2010\/320\/800\/2\/w\/1920\/2010320800_2_2_1.jpg?ts=1700571759617', 'https:\/\/static.zara.net\/photos\/\/\/2024\/V\/1\/2\/p\/2010\/320\/800\/2\/w\/1920\/2010320800_6_1_1.jpg?ts=1698052759571', 'https:\/\/static.zara.net\/photos\/\/\/2024\/V\/1\/2\/p\/2010\/320\/800\/2\/w\/1920\/2010320800_6_2_1.jpg?ts=1698052759651', 'https:\/\/static.zara.net\/photos\/\/\/2024\/V\/1\/2\/p\/2010\/320\/800\/2\/w\/1920\/2010320800_6_3_1.jpg?ts=1698052759585', 'https:\/\/static.zara.net\/photos\/\/\/2024\/V\/1\/2\/p\/2010\/320\/800\/2\/w\/1920\/2010320800_6_4_1.jpg?ts=1698052759575']","terms":"shoes","section":"MAN"},{"brand":"Zara","url":"https:\/\/www.zara.com\/us\/en\/chunky-sole-sneakers-p12200320.html","name":"CHUNKY SOLE SNEAKERS","description":"Sneakers. Upper in a combination of materials and colors. Lacing with seven pairs of eyelets. Back contrasting color piece. Thick rubber soles with irregular design.","price":49.9,"currency":"USD","images":"['https:\/\/static.zara.net\/photos\/\/\/2024\/V\/1\/1\/p\/2200\/320\/001\/2\/w\/1920\/2200320001_2_1_1.jpg?ts=1702919695457', 'https:\/\/static.zara.net\/photos\/\/\/2024\/V\/1\/1\/p\/2200\/320\/001\/2\/w\/1920\/2200320001_2_2_1.jpg?ts=1702919698046', 'https:\/\/static.zara.net\/photos\/\/\/2024\/V\/1\/2\/p\/2200\/320\/001\/2\/2200320001_16_1_1\/w\/1920\/poster.glb?ts=1702974366627', 'https:\/\/static.zara.net\/photos\/\/\/2024\/V\/1\/1\/p\/2200\/320\/001\/2\/w\/1920\/2200320001_6_1_1.jpg?ts=1702919694966', 'https:\/\/static.zara.net\/photos\/\/\/2024\/V\/1\/1\/p\/2200\/320\/001\/2\/w\/1920\/2200320001_6_2_1.jpg?ts=1702919685519', 'https:\/\/static.zara.net\/photos\/\/\/2024\/V\/1\/1\/p\/2200\/320\/001\/2\/w\/1920\/2200320001_6_3_1.jpg?ts=1702919694915', 'https:\/\/static.zara.net\/photos\/\/\/2024\/V\/1\/1\/p\/2200\/320\/001\/2\/w\/1920\/2200320001_6_4_1.jpg?ts=1702919685383']","terms":"shoes","section":"MAN"},{"brand":"Zara","url":"https:\/\/www.zara.com\/us\/en\/squared-toe-leather-boots-p12053220.html","name":"SQUARED TOE LEATHER BOOTS","description":"Leather ankle boots. Square shaped. Side zipper for putting on with ease. Welt around upper. Slightly chunky soles.","price":159.0,"currency":"USD","images":"['https:\/\/static.zara.net\/photos\/\/\/2024\/V\/1\/2\/p\/2053\/220\/721\/2\/w\/1920\/2053220721_6_1_1.jpg?ts=1700653412074', 'https:\/\/static.zara.net\/photos\/\/\/2024\/V\/1\/2\/p\/2053\/220\/721\/2\/w\/1920\/2053220721_6_2_1.jpg?ts=1700653412070', 'https:\/\/static.zara.net\/photos\/\/\/2024\/V\/1\/2\/p\/2053\/220\/721\/2\/w\/1920\/2053220721_6_3_1.jpg?ts=1700653412074', 'https:\/\/static.zara.net\/photos\/\/\/2024\/V\/1\/2\/p\/2053\/220\/721\/2\/w\/1920\/2053220721_6_4_1.jpg?ts=1700653412087']","terms":"shoes","section":"MAN"},{"brand":"Zara","url":"https:\/\/www.zara.com\/us\/en\/polished-leather-penny-loafers-p12616320.html","name":"POLISHED LEATHER PENNY LOAFERS","description":"Loafers. Made of leather. Smooth exterior. Ornamental saddle detail at instep and ruching at toe. Rounded shape. Welt around upper. Slightly chunky lug soles.","price":119.0,"currency":"USD","images":"['https:\/\/static.zara.net\/photos\/\/\/2024\/V\/1\/2\/p\/2616\/320\/800\/2\/w\/1920\/2616320800_2_1_1.jpg?ts=1701703479022', 'https:\/\/static.zara.net\/photos\/\/\/2024\/V\/1\/2\/p\/2616\/320\/800\/2\/w\/1920\/2616320800_2_2_1.jpg?ts=1701703479766', 'https:\/\/static.zara.net\/photos\/\/\/2024\/V\/1\/2\/p\/2616\/320\/800\/2\/w\/1920\/2616320800_6_1_1.jpg?ts=1699442255441', 'https:\/\/static.zara.net\/photos\/\/\/2024\/V\/1\/2\/p\/2616\/320\/800\/2\/w\/1920\/2616320800_6_2_1.jpg?ts=1699442255474', 'https:\/\/static.zara.net\/photos\/\/\/2024\/V\/1\/2\/p\/2616\/320\/800\/2\/w\/1920\/2616320800_6_3_1.jpg?ts=1699442255419', 'https:\/\/static.zara.net\/photos\/\/\/2024\/V\/1\/2\/p\/2616\/320\/800\/2\/w\/1920\/2616320800_6_4_1.jpg?ts=1699442255431']","terms":"shoes","section":"MAN"},{"brand":"Zara","url":"https:\/\/www.zara.com\/us\/en\/monochrome-chunky-sole-sneakers-p12230220.html","name":"MONOCHROME CHUNKY SOLE SNEAKERS","description":"Sneakers with tonal pieces at upper. Lacing with seven pairs of eyelets. Chunky soles.","price":59.9,"currency":"USD","images":"['https:\/\/static.zara.net\/photos\/\/\/2023\/I\/1\/2\/p\/2230\/220\/120\/2\/w\/1920\/2230220120_2_1_1.jpg?ts=1695368695612', 'https:\/\/static.zara.net\/photos\/\/\/2023\/I\/1\/2\/p\/2230\/220\/120\/2\/w\/1920\/2230220120_2_2_1.jpg?ts=1693385357695', 'https:\/\/static.zara.net\/photos\/\/\/2023\/I\/1\/2\/p\/2230\/220\/120\/2\/w\/1920\/2230220120_2_3_1.jpg?ts=1693385357829', 'https:\/\/static.zara.net\/photos\/\/\/2023\/I\/1\/2\/p\/2230\/220\/120\/2\/w\/1920\/2230220120_6_1_1.jpg?ts=1692288908827', 'https:\/\/static.zara.net\/photos\/\/\/2023\/I\/1\/2\/p\/2230\/220\/120\/2\/w\/1920\/2230220120_6_2_1.jpg?ts=1692288908835', 'https:\/\/static.zara.net\/photos\/\/\/2023\/I\/1\/2\/p\/2230\/220\/120\/2\/w\/1920\/2230220120_6_3_1.jpg?ts=1692288908786', 'https:\/\/static.zara.net\/photos\/\/\/2023\/I\/1\/2\/p\/2230\/220\/120\/2\/w\/1920\/2230220120_6_4_1.jpg?ts=1692288908816']","terms":"shoes","section":"MAN"}]