[{"brand":"Zara","url":"https:\/\/www.zara.com\/us\/en\/washed-textured-shorts-p06917411.html","name":"WASHED TEXTURED SHORTS","description":"Relaxed fit shorts made with textured weave cotton fabric. Adjustable elastic waistband with interior drawstring. Side pockets and back welt pocket. Side vents at hem. Washed effect.","price":49.9,"currency":"USD","images":"['https:\/\/static.zara.net\/photos\/\/\/2024\/V\/0\/2\/p\/6917\/411\/526\/2\/w\/1920\/6917411526_1_1_1.jpg?ts=1707324106990', 'https:\/\/static.zara.net\/photos\/\/\/2024\/V\/0\/2\/p\/6917\/411\/526\/2\/w\/1920\/6917411526_2_1_1.jpg?ts=1707324106742', 'https:\/\/static.zara.net\/photos\/\/\/2024\/V\/0\/2\/p\/6917\/411\/526\/2\/w\/1920\/6917411526_2_2_1.jpg?ts=1707324106690', 'https:\/\/static.zara.net\/photos\/\/\/2024\/V\/0\/2\/p\/6917\/411\/526\/2\/w\/1920\/6917411526_2_3_1.jpg?ts=1707324106688', 'https:\/\/static.zara.net\/photos\/\/\/2024\/V\/0\/2\/p\/6917\/411\/526\/2\/w\/1920\/6917411526_2_4_1.jpg?ts=1707324106757', 'https:\/\/static.zara.net\/photos\/\/\/2024\/V\/0\/2\/p\/6917\/411\/526\/2\/w\/1920\/6917411526_6_1_1.jpg?ts=1707295792205', 'https:\/\/static.zara.net\/photos\/\/\/2024\/V\/0\/2\/p\/6917\/411\/526\/2\/w\/1920\/6917411526_6_2_1.jpg?ts=1707295791279', 'https:\/\/static.zara.net\/photos\/\/\/2024\/V\/0\/2\/p\/6917\/411\/526\/2\/w\/1920\/6917411526_6_3_1.jpg?ts=1707295797963', 'https:\/\/static.zara.net\/photos\/\/\/2024\/V\/0\/2\/p\/6917\/411\/526\/2\/w\/1920\/6917411526_6_4_1.jpg?ts=1707295797239']","terms":"shorts","section":"MAN"},{"brand":"Zara","url":"https:\/\/www.zara.com\/us\/en\/lyocell-blend-shorts-p00775109.html","name":"LYOCELL BLEND SHORTS","description":"Relaxed fit shorts made of lyocell blend fabric. Adjustable elastic drawstring waistband. Side pockets and back welt pockets.","price":49.9,"currency":"USD","images":"['https:\/\/static.zara.net\/photos\/\/\/2024\/V\/0\/2\/p\/0775\/109\/703\/2\/w\/1920\/0775109703_1_1_1.jpg?ts=1704883889304', 'https:\/\/static.zara.net\/photos\/\/\/2024\/V\/0\/2\/p\/0775\/109\/703\/2\/w\/1920\/0775109703_2_1_1.jpg?ts=1704883890265', 'https:\/\/static.zara.net\/photos\/\/\/2024\/V\/0\/2\/p\/0775\/109\/703\/2\/w\/1920\/0775109703_2_2_1.jpg?ts=1704883890284', 'https:\/\/static.zara.net\/photos\/\/\/2024\/V\/0\/2\/p\/0775\/109\/703\/2\/w\/1920\/0775109703_2_3_1.jpg?ts=1704883888994', 'https:\/\/static.zara.net\/photos\/\/\/2024\/V\/0\/1\/p\/0775\/109\/703\/2\/w\/1920\/0775109703_2_4_1.jpg?ts=1707989239237', 'https:\/\/static.zara.net\/photos\/\/\/2024\/V\/0\/2\/p\/0775\/109\/703\/2\/w\/1920\/0775109703_2_5_1.jpg?ts=1704883890189', 'https:\/\/static.zara.net\/photos\/\/\/2024\/V\/0\/2\/p\/0775\/109\/703\/2\/w\/1920\/0775109703_6_1_1.jpg?ts=1704812394353', 'https:\/\/static.zara.net\/photos\/\/\/2024\/V\/0\/2\/p\/0775\/109\/703\/2\/w\/1920\/0775109703_6_2_1.jpg?ts=1704812394712', 'https:\/\/static.zara.net\/photos\/\/\/2024\/V\/0\/2\/p\/0775\/109\/703\/2\/w\/1920\/0775109703_6_3_1.jpg?ts=1704812395980', 'https:\/\/static.zara.net\/photos\/\/\/2024\/V\/0\/2\/p\/0775\/109\/703\/2\/w\/1920\/0775109703_6_4_1.jpg?ts=1704812395971']","terms":"shorts","section":"MAN"},{"brand":"Zara","url":"https:\/\/www.zara.com\/us\/en\/contrast-double-waist-shorts-p04527007.html","name":"CONTRAST DOUBLE WAIST SHORTS","description":"Wide fit shorts. Contrasting double waistband with front pleats. Front and back welt pockets. Front zip and button closure.","price":59.9,"currency":"USD","images":"['https:\/\/static.zara.net\/photos\/\/\/2024\/V\/0\/2\/p\/4527\/007\/800\/2\/w\/1920\/4527007800_1_1_1.jpg?ts=1707903398349', 'https:\/\/static.zara.net\/photos\/\/\/2024\/V\/0\/2\/p\/4527\/007\/800\/2\/w\/1920\/4527007800_2_1_1.jpg?ts=1707903397347', 'https:\/\/static.zara.net\/photos\/\/\/2024\/V\/0\/2\/p\/4527\/007\/800\/2\/w\/1920\/4527007800_2_2_1.jpg?ts=1707903397629', 'https:\/\/static.zara.net\/photos\/\/\/2024\/V\/0\/2\/p\/4527\/007\/800\/2\/w\/1920\/4527007800_2_3_1.jpg?ts=1707903396787', 'https:\/\/static.zara.net\/photos\/\/\/2024\/V\/0\/2\/p\/4527\/007\/800\/2\/w\/1920\/4527007800_2_4_1.jpg?ts=1707903398348', 'https:\/\/static.zara.net\/photos\/\/\/2024\/V\/0\/2\/p\/4527\/007\/800\/2\/w\/1920\/4527007800_6_1_1.jpg?ts=1707742463200', 'https:\/\/static.zara.net\/photos\/\/\/2024\/V\/0\/2\/p\/4527\/007\/800\/2\/w\/1920\/4527007800_6_2_1.jpg?ts=1707742463229', 'https:\/\/static.zara.net\/photos\/\/\/2024\/V\/0\/2\/p\/4527\/007\/800\/2\/w\/1920\/4527007800_6_3_1.jpg?ts=1707742466818', 'https:\/\/static.zara.net\/photos\/\/\/2024\/V\/0\/2\/p\/4527\/007\/800\/2\/w\/1920\/4527007800_6_4_1.jpg?ts=1707742466364']","terms":"shorts","section":"MAN"},{"brand":"Zara","url":"https:\/\/www.zara.com\/us\/en\/basic-workout-shorts-p01943401.html","name":"BASIC WORKOUT SHORTS","description":"Training shorts made of lightweight, stretchy technical fabric.\n\n- Elastic waistband with adjustable cord.\n- Side pockets.\n- Security pocket at back with zipper closure.\n- Interior lining.\n- Inseam: 7.1 inches (18 cm)\n- Side slits.\n- Logo print at leg.\n\nZara Athleticz.","price":25.9,"currency":"USD","images":"['https:\/\/static.zara.net\/photos\/\/\/2024\/V\/0\/2\/p\/1943\/401\/251\/2\/w\/1920\/1943401251_1_1_1.jpg?ts=1704889649049', 'https:\/\/static.zara.net\/photos\/\/\/2024\/V\/0\/2\/p\/1943\/401\/251\/2\/w\/1920\/1943401251_2_1_1.jpg?ts=1704889649028', 'https:\/\/static.zara.net\/photos\/\/\/2024\/V\/0\/2\/p\/1943\/401\/251\/2\/w\/1920\/1943401251_2_2_1.jpg?ts=1704889649240', 'https:\/\/static.zara.net\/photos\/\/\/2024\/V\/0\/2\/p\/1943\/401\/251\/2\/w\/1920\/1943401251_2_3_1.jpg?ts=1704889649033', 'https:\/\/static.zara.net\/photos\/\/\/2024\/V\/0\/2\/p\/1943\/401\/251\/2\/w\/1920\/1943401251_2_4_1.jpg?ts=1704889649395', 'https:\/\/static.zara.net\/photos\/\/\/2024\/V\/0\/2\/p\/1943\/401\/251\/2\/w\/1920\/1943401251_6_1_1.jpg?ts=1699446209971', 'https:\/\/static.zara.net\/photos\/\/\/2024\/V\/0\/2\/p\/1943\/401\/251\/2\/w\/1920\/1943401251_6_2_1.jpg?ts=1699446209949', 'https:\/\/static.zara.net\/photos\/\/\/2024\/V\/0\/2\/p\/1943\/401\/251\/2\/w\/1920\/1943401251_6_3_1.jpg?ts=1699446210196', 'https:\/\/static.zara.net\/photos\/\/\/2024\/V\/0\/2\/p\/1943\/401\/251\/2\/w\/1920\/1943401251_6_4_1.jpg?ts=1699446213312']","terms":"shorts","section":"MAN"},{"brand":"Zara","url":"https:\/\/www.zara.com\/us\/en\/stretch-shorts-p00347678.html","name":"STRETCH SHORTS","description":"Shorts with adjustable elastic drawstring waistband. Front pleats. Front and back welt pockets. Turned up cuffs.","price":39.9,"currency":"USD","images":"['https:\/\/static.zara.net\/photos\/\/\/2024\/V\/0\/1\/p\/7484\/678\/712\/2\/w\/1920\/7484678712_1_1_1.jpg?ts=1705666815971', 'https:\/\/static.zara.net\/photos\/\/\/2024\/V\/0\/1\/p\/7484\/678\/712\/2\/w\/1920\/7484678712_2_1_1.jpg?ts=1705666815707', 'https:\/\/static.zara.net\/photos\/\/\/2024\/V\/0\/1\/p\/7484\/678\/712\/2\/w\/1920\/7484678712_2_2_1.jpg?ts=1705666815325', 'https:\/\/static.zara.net\/photos\/\/\/2024\/V\/0\/1\/p\/7484\/678\/712\/2\/w\/1920\/7484678712_2_3_1.jpg?ts=1705666815293', 'https:\/\/static.zara.net\/photos\/\/\/2024\/V\/0\/1\/p\/7484\/678\/712\/2\/w\/1920\/7484678712_2_4_1.jpg?ts=1705666815671', 'https:\/\/static.zara.net\/photos\/\/\/2024\/V\/0\/2\/p\/7484\/678\/712\/2\/w\/1920\/7484678712_6_1_1.jpg?ts=1705588257332', 'https:\/\/static.zara.net\/photos\/\/\/2024\/V\/0\/2\/p\/7484\/678\/712\/2\/w\/1920\/7484678712_6_2_1.jpg?ts=1705588257335', 'https:\/\/static.zara.net\/photos\/\/\/2024\/V\/0\/2\/p\/7484\/678\/712\/2\/w\/1920\/7484678712_6_3_1.jpg?ts=1705588259969', 'https:\/\/static.zara.net\/photos\/\/\/2024\/V\/0\/2\/p\/7484\/678\/712\/2\/w\/1920\/7484678712_6_4_1.jpg?ts=1705588259610']","terms":"shorts","section":"MAN"}]