[{"brand":"Zara","url":"https:\/\/www.zara.com\/us\/en\/full-midi-skirt-zw-collection-p02679371.html","name":"FULL MIDI SKIRT ZW COLLECTION","description":"ZARA WOMAN COLLECTION\n\nMidi skirt with a high waist made of a cotton blend. Pleats at hem with volume. Hidden in-seam zip closure.","price":89.9,"currency":"USD","images":"['https:\/\/static.zara.net\/photos\/\/\/2024\/V\/0\/1\/p\/2679\/371\/250\/2\/w\/1920\/2679371250_1_1_1.jpg?ts=1708007467239', 'https:\/\/static.zara.net\/photos\/\/\/2024\/V\/0\/1\/p\/2679\/371\/250\/2\/w\/1920\/2679371250_2_1_1.jpg?ts=1708007467214', 'https:\/\/static.zara.net\/photos\/\/\/2024\/V\/0\/1\/p\/2679\/371\/250\/2\/w\/1920\/2679371250_2_2_1.jpg?ts=1708007467215', 'https:\/\/static.zara.net\/photos\/\/\/2024\/V\/0\/1\/p\/2679\/371\/250\/2\/w\/1920\/2679371250_6_1_1.jpg?ts=1707997851110', 'https:\/\/static.zara.net\/photos\/\/\/2024\/V\/0\/1\/p\/2679\/371\/250\/2\/w\/1920\/2679371250_6_2_1.jpg?ts=1707997849914', 'https:\/\/static.zara.net\/photos\/\/\/2024\/V\/0\/1\/p\/2679\/371\/250\/2\/w\/1920\/2679371250_6_3_1.jpg?ts=1707997852675', 'https:\/\/static.zara.net\/photos\/\/\/2024\/V\/0\/1\/p\/2679\/371\/250\/2\/w\/1920\/2679371250_6_4_1.jpg?ts=1707997854172', 'https:\/\/static.zara.net\/photos\/\/\/2024\/V\/0\/1\/p\/2679\/371\/250\/2\/w\/1920\/2679371250_6_5_1.jpg?ts=1707997851078']","terms":"skirts","section":"WOMAN"},{"brand":"Zara","url":"https:\/\/www.zara.com\/us\/en\/full-midi-skirt-zw-collection-p04437246.html","name":"FULL MIDI SKIRT ZW COLLECTION","description":"ZARA WOMAN COLLECTION\n\nMidi skirt with a high elastic waist. Side hidden in-seam pockets. Pleats at waist.\n\nA midi skirt with medium volume with a design inspired by technical garments. Made in a fabric with a substantial weight and drape, it is a garment with presence in which details like side pockets and a comfortable gathered elastic waistband are highlighted.","price":69.9,"currency":"USD","images":"['https:\/\/static.zara.net\/photos\/\/\/2024\/V\/0\/1\/p\/4437\/246\/800\/2\/w\/1920\/4437246800_1_1_1.jpg?ts=1707915600785', 'https:\/\/static.zara.net\/photos\/\/\/2024\/V\/0\/1\/p\/4437\/246\/800\/2\/w\/1920\/4437246800_2_1_1.jpg?ts=1707915600462', 'https:\/\/static.zara.net\/photos\/\/\/2024\/V\/0\/1\/p\/4437\/246\/800\/2\/w\/1920\/4437246800_2_2_1.jpg?ts=1707915600741', 'https:\/\/static.zara.net\/photos\/\/\/2024\/V\/0\/1\/p\/4437\/246\/800\/2\/w\/1920\/4437246800_2_3_1.jpg?ts=1707915600671', 'https:\/\/static.zara.net\/photos\/\/\/2024\/V\/0\/1\/p\/4437\/246\/800\/2\/w\/1920\/4437246800_2_4_1.jpg?ts=1707915600626', 'https:\/\/static.zara.net\/photos\/\/\/2024\/V\/0\/1\/p\/4437\/246\/800\/2\/w\/1920\/4437246800_2_5_1.jpg?ts=1707915600650', 'https:\/\/static.zara.net\/photos\/\/\/2024\/V\/0\/1\/p\/4437\/246\/800\/2\/w\/1920\/4437246800_2_6_1.jpg?ts=1707915600935', 'https:\/\/static.zara.net\/photos\/\/\/2023\/I\/0\/1\/p\/4437\/246\/800\/2\/w\/1920\/4437246800_6_1_1.jpg?ts=1696507232521', 'https:\/\/static.zara.net\/photos\/\/\/2023\/I\/0\/1\/p\/4437\/246\/800\/2\/w\/1920\/4437246800_6_2_1.jpg?ts=1696507232443', 'https:\/\/static.zara.net\/photos\/\/\/2023\/I\/0\/1\/p\/4437\/246\/800\/2\/w\/1920\/4437246800_6_3_1.jpg?ts=1696507232632', 'https:\/\/static.zara.net\/photos\/\/\/2023\/I\/0\/1\/p\/4437\/246\/800\/2\/w\/1920\/4437246800_6_4_1.jpg?ts=1696507232633', 'https:\/\/static.zara.net\/photos\/\/\/2023\/I\/0\/1\/p\/4437\/246\/800\/2\/w\/1920\/4437246800_6_5_1.jpg?ts=1696507232653']","terms":"skirts","section":"WOMAN"},{"brand":"Zara","url":"https:\/\/www.zara.com\/us\/en\/printed-midi-skirt-p02581133.html","name":"PRINTED MIDI SKIRT","description":"Satin effect skirt with high elastic waistband.","price":45.9,"currency":"USD","images":"['https:\/\/static.zara.net\/photos\/\/\/2024\/V\/0\/1\/p\/2581\/133\/080\/2\/w\/1920\/2581133080_1_1_1.jpg?ts=1708011219484', 'https:\/\/static.zara.net\/photos\/\/\/2024\/V\/0\/1\/p\/2581\/133\/080\/2\/w\/1920\/2581133080_2_1_1.jpg?ts=1708011219228', 'https:\/\/static.zara.net\/photos\/\/\/2024\/V\/0\/1\/p\/2581\/133\/080\/2\/w\/1920\/2581133080_2_2_1.jpg?ts=1708011218896', 'https:\/\/static.zara.net\/photos\/\/\/2024\/V\/0\/1\/p\/2581\/133\/080\/2\/w\/1920\/2581133080_2_3_1.jpg?ts=1708011219745', 'https:\/\/static.zara.net\/photos\/\/\/2024\/V\/0\/1\/p\/2581\/133\/080\/2\/w\/1920\/2581133080_2_4_1.jpg?ts=1708011218970', 'https:\/\/static.zara.net\/photos\/\/\/2024\/V\/0\/1\/p\/2581\/133\/080\/2\/w\/1920\/2581133080_2_5_1.jpg?ts=1708011218034', 'https:\/\/static.zara.net\/photos\/\/\/2024\/V\/0\/1\/p\/2581\/133\/080\/2\/w\/1920\/2581133080_6_1_1.jpg?ts=1708074091389', 'https:\/\/static.zara.net\/photos\/\/\/2024\/V\/0\/1\/p\/2581\/133\/080\/2\/w\/1920\/2581133080_6_2_1.jpg?ts=1708074093654', 'https:\/\/static.zara.net\/photos\/\/\/2024\/V\/0\/1\/p\/2581\/133\/080\/2\/w\/1920\/2581133080_6_3_1.jpg?ts=1708074093275']","terms":"skirts","section":"WOMAN"},{"brand":"Zara","url":"https:\/\/www.zara.com\/us\/en\/floral-print-pleated-skirt-p02589125.html","name":"FLORAL PRINT PLEATED SKIRT","description":"Midi skirt with a high waist, elastic waistband, and pleats. Interior lining.","price":59.9,"currency":"USD","images":"['https:\/\/static.zara.net\/photos\/\/\/2024\/V\/0\/1\/p\/2589\/125\/044\/2\/w\/1920\/2589125044_1_1_1.jpg?ts=1707396522211', 'https:\/\/static.zara.net\/photos\/\/\/2024\/V\/0\/1\/p\/2589\/125\/044\/2\/w\/1920\/2589125044_2_1_1.jpg?ts=1707396521981', 'https:\/\/static.zara.net\/photos\/\/\/2024\/V\/0\/1\/p\/2589\/125\/044\/2\/w\/1920\/2589125044_2_2_1.jpg?ts=1707396521937', 'https:\/\/static.zara.net\/photos\/\/\/2024\/V\/0\/1\/p\/2589\/125\/044\/2\/w\/1920\/2589125044_2_3_1.jpg?ts=1707396521962', 'https:\/\/static.zara.net\/photos\/\/\/2024\/V\/0\/1\/p\/2589\/125\/044\/2\/w\/1920\/2589125044_2_4_1.jpg?ts=1707396522010', 'https:\/\/static.zara.net\/photos\/\/\/2024\/V\/0\/1\/p\/2589\/125\/044\/2\/w\/1920\/2589125044_2_5_1.jpg?ts=1707396522175', 'https:\/\/static.zara.net\/photos\/\/\/2024\/V\/0\/1\/p\/2589\/125\/044\/2\/w\/1920\/2589125044_6_1_1.jpg?ts=1707511043210', 'https:\/\/static.zara.net\/photos\/\/\/2024\/V\/0\/1\/p\/2589\/125\/044\/2\/w\/1920\/2589125044_6_2_1.jpg?ts=1707511043223', 'https:\/\/static.zara.net\/photos\/\/\/2024\/V\/0\/1\/p\/2589\/125\/044\/2\/w\/1920\/2589125044_6_3_1.jpg?ts=1707511043369', 'https:\/\/static.zara.net\/photos\/\/\/2024\/V\/0\/1\/p\/2589\/125\/044\/2\/w\/1920\/2589125044_6_4_1.jpg?ts=1707511043448']","terms":"skirts","section":"WOMAN"},{"brand":"Zara","url":"https:\/\/www.zara.com\/us\/en\/satin-effect-midi-skirt-p08534626.html","name":"SATIN EFFECT MIDI SKIRT","description":"High rise midi skirt with elastic waistband.","price":45.9,"currency":"USD","images":"['https:\/\/static.zara.net\/photos\/\/\/2024\/V\/0\/1\/p\/8534\/626\/800\/19\/w\/1920\/8534626800_1_1_1.jpg?ts=1703172954678', 'https:\/\/static.zara.net\/photos\/\/\/2024\/V\/0\/1\/p\/8534\/626\/800\/19\/w\/1920\/8534626800_2_1_1.jpg?ts=1703172963757', 'https:\/\/static.zara.net\/photos\/\/\/2024\/V\/0\/1\/p\/8534\/626\/800\/19\/w\/1920\/8534626800_2_2_1.jpg?ts=1703172950349', 'https:\/\/static.zara.net\/photos\/\/\/2024\/V\/0\/1\/p\/8534\/626\/800\/19\/w\/1920\/8534626800_2_3_1.jpg?ts=1703172945802', 'https:\/\/static.zara.net\/photos\/\/\/2024\/V\/0\/1\/p\/8534\/626\/800\/19\/w\/1920\/8534626800_2_4_1.jpg?ts=1703172949282', 'https:\/\/static.zara.net\/photos\/\/\/2023\/I\/0\/1\/p\/8534\/626\/800\/2\/w\/1920\/8534626800_6_1_1.jpg?ts=1693410674894', 'https:\/\/static.zara.net\/photos\/\/\/2023\/I\/0\/1\/p\/8534\/626\/800\/2\/w\/1920\/8534626800_6_2_1.jpg?ts=1693410675136', 'https:\/\/static.zara.net\/photos\/\/\/2023\/I\/0\/1\/p\/8534\/626\/800\/2\/w\/1920\/8534626800_6_3_1.jpg?ts=1693410677265']","terms":"skirts","section":"WOMAN"}]