[{"brand":"Zara","url":"https:\/\/www.zara.com\/us\/en\/jacquard-vest-limited-edition-p04073005.html","name":"JACQUARD VEST LIMITED EDITION","description":"Relaxed fit vest made of viscose. Sleeveless. V-neckline. Welt pockets at hip. Adjusts with back strap. Front button closure.","price":89.9,"currency":"USD","images":"['https:\/\/static.zara.net\/photos\/\/\/2024\/V\/0\/2\/p\/4073\/005\/529\/2\/w\/1920\/4073005529_1_1_1.jpg?ts=1701767662429', 'https:\/\/static.zara.net\/photos\/\/\/2024\/V\/0\/2\/p\/4073\/005\/529\/2\/w\/1920\/4073005529_2_1_1.jpg?ts=1701767663732', 'https:\/\/static.zara.net\/photos\/\/\/2024\/V\/0\/2\/p\/4073\/005\/529\/2\/w\/1920\/4073005529_2_2_1.jpg?ts=1701767662900', 'https:\/\/static.zara.net\/photos\/\/\/2024\/V\/0\/2\/p\/4073\/005\/529\/2\/w\/1920\/4073005529_2_3_1.jpg?ts=1701767662088', 'https:\/\/static.zara.net\/photos\/\/\/2024\/V\/0\/2\/p\/4073\/005\/529\/2\/w\/1920\/4073005529_6_1_1.jpg?ts=1701098482520', 'https:\/\/static.zara.net\/photos\/\/\/2024\/V\/0\/2\/p\/4073\/005\/529\/2\/w\/1920\/4073005529_6_2_1.jpg?ts=1701098482293', 'https:\/\/static.zara.net\/photos\/\/\/2024\/V\/0\/2\/p\/4073\/005\/529\/2\/w\/1920\/4073005529_6_3_1.jpg?ts=1701098484130']","terms":"suits","section":"MAN"},{"brand":"Zara","url":"https:\/\/www.zara.com\/us\/en\/3-kg-medicine-ball-with-straps-p13957320.html","name":"3 KG MEDICINE BALL WITH STRAPS","description":"Medicine ball with straps suitable for sports practice. Less stress on your joints during training thanks to the straps so you can better hold on to the ball. Can be used outside and is especially suited for strength or basic training.\n\nWeight: 6.6 pounds (3 kg)\n\nZARA AthleticZ Collection.","price":69.9,"currency":"USD","images":"['https:\/\/static.zara.net\/photos\/\/\/2024\/V\/1\/2\/p\/3957\/320\/800\/2\/w\/1920\/3957320800_6_1_1.jpg?ts=1707814909251', 'https:\/\/static.zara.net\/photos\/\/\/2024\/V\/1\/2\/p\/3957\/320\/800\/2\/w\/1920\/3957320800_6_2_1.jpg?ts=1707475181280', 'https:\/\/static.zara.net\/photos\/\/\/2024\/V\/1\/2\/p\/3957\/320\/800\/2\/w\/1920\/3957320800_6_3_1.jpg?ts=1707475181321']","terms":"suits","section":"MAN"}]