[{"brand":"Zara","url":"https:\/\/www.zara.com\/us\/en\/textured-sweater-p02893403.html","name":"TEXTURED SWEATER","description":"Sweater made of 30% wool thread. Round neck and long sleeves. Rib trim.","price":69.9,"currency":"USD","images":"['https:\/\/static.zara.net\/photos\/\/\/2024\/V\/0\/2\/p\/2893\/403\/710\/2\/w\/1920\/2893403710_1_1_1.jpg?ts=1706880001850', 'https:\/\/static.zara.net\/photos\/\/\/2024\/V\/0\/2\/p\/2893\/403\/710\/2\/w\/1920\/2893403710_2_1_1.jpg?ts=1706880006170', 'https:\/\/static.zara.net\/photos\/\/\/2024\/V\/0\/2\/p\/2893\/403\/710\/2\/w\/1920\/2893403710_2_2_1.jpg?ts=1706880007446', 'https:\/\/static.zara.net\/photos\/\/\/2024\/V\/0\/2\/p\/2893\/403\/710\/2\/w\/1920\/2893403710_2_3_1.jpg?ts=1706880000212', 'https:\/\/static.zara.net\/photos\/\/\/2024\/V\/0\/2\/p\/2893\/403\/710\/2\/w\/1920\/2893403710_2_4_1.jpg?ts=1706880005554', 'https:\/\/static.zara.net\/photos\/\/\/2024\/V\/0\/2\/p\/2893\/403\/710\/2\/w\/1920\/2893403710_2_5_1.jpg?ts=1706880007610', 'https:\/\/static.zara.net\/photos\/\/\/2024\/V\/0\/2\/p\/2893\/403\/710\/2\/w\/1920\/2893403710_2_6_1.jpg?ts=1706880007576', 'https:\/\/static.zara.net\/photos\/\/\/2024\/V\/0\/2\/p\/2893\/403\/710\/2\/w\/1920\/2893403710_6_1_1.jpg?ts=1706805341033', 'https:\/\/static.zara.net\/photos\/\/\/2024\/V\/0\/2\/p\/2893\/403\/710\/2\/w\/1920\/2893403710_6_2_1.jpg?ts=1706805341080', 'https:\/\/static.zara.net\/photos\/\/\/2024\/V\/0\/2\/p\/2893\/403\/710\/2\/w\/1920\/2893403710_6_3_1.jpg?ts=1706805342693']","terms":"sweaters","section":"MAN"},{"brand":"Zara","url":"https:\/\/www.zara.com\/us\/en\/square-textured-sweater-p05755345.html","name":"SQUARE TEXTURED SWEATER","description":"Full cut sweater with round neck and long sleeves, rib trim.","price":12.99,"currency":"USD","images":"['https:\/\/static.zara.net\/photos\/\/\/2023\/I\/0\/2\/p\/5755\/345\/700\/2\/w\/1920\/5755345700_1_1_1.jpg?ts=1698747809172', 'https:\/\/static.zara.net\/photos\/\/\/2023\/I\/0\/2\/p\/5755\/345\/700\/2\/w\/1920\/5755345700_2_1_1.jpg?ts=1698747810696', 'https:\/\/static.zara.net\/photos\/\/\/2023\/I\/0\/2\/p\/5755\/345\/700\/2\/w\/1920\/5755345700_2_2_1.jpg?ts=1698747811078', 'https:\/\/static.zara.net\/photos\/\/\/2023\/I\/0\/2\/p\/5755\/345\/700\/2\/w\/1920\/5755345700_2_3_1.jpg?ts=1698747807790', 'https:\/\/static.zara.net\/photos\/\/\/2023\/I\/0\/2\/p\/5755\/345\/700\/2\/w\/1920\/5755345700_2_4_1.jpg?ts=1698747812574', 'https:\/\/static.zara.net\/photos\/\/\/2023\/I\/0\/2\/p\/5755\/345\/700\/2\/w\/1920\/5755345700_2_5_1.jpg?ts=1698747810105', 'https:\/\/static.zara.net\/photos\/\/\/2023\/I\/0\/2\/p\/5755\/345\/700\/2\/w\/1920\/5755345700_6_1_1.jpg?ts=1698684630142', 'https:\/\/static.zara.net\/photos\/\/\/2023\/I\/0\/2\/p\/5755\/345\/700\/2\/w\/1920\/5755345700_6_2_1.jpg?ts=1698684630221', 'https:\/\/static.zara.net\/photos\/\/\/2023\/I\/0\/2\/p\/5755\/345\/700\/2\/w\/1920\/5755345700_6_3_1.jpg?ts=1698684630454']","terms":"sweaters","section":"MAN"},{"brand":"Zara","url":"https:\/\/www.zara.com\/us\/en\/purl-knit-sweater-p03332300.html","name":"PURL KNIT SWEATER","description":"High collar sweater with front zipper. Long sleeves. Rib trim.","price":12.99,"currency":"USD","images":"['https:\/\/static.zara.net\/photos\/\/\/2023\/I\/0\/2\/p\/3332\/300\/500\/2\/w\/1920\/3332300500_1_1_1.jpg?ts=1690380555776', 'https:\/\/static.zara.net\/photos\/\/\/2023\/I\/0\/2\/p\/3332\/300\/500\/2\/w\/1920\/3332300500_2_1_1.jpg?ts=1690380556788', 'https:\/\/static.zara.net\/photos\/\/\/2023\/I\/0\/2\/p\/3332\/300\/500\/2\/w\/1920\/3332300500_2_2_1.jpg?ts=1690380556381', 'https:\/\/static.zara.net\/photos\/\/\/2023\/I\/0\/2\/p\/3332\/300\/500\/2\/w\/1920\/3332300500_2_3_1.jpg?ts=1690380555092', 'https:\/\/static.zara.net\/photos\/\/\/2023\/I\/0\/2\/p\/3332\/300\/500\/2\/w\/1920\/3332300500_2_4_1.jpg?ts=1690380561140', 'https:\/\/static.zara.net\/photos\/\/\/2023\/I\/0\/2\/p\/3332\/300\/500\/2\/w\/1920\/3332300500_2_5_1.jpg?ts=1690380561345', 'https:\/\/static.zara.net\/photos\/\/\/2023\/I\/0\/2\/p\/3332\/300\/500\/2\/w\/1920\/3332300500_6_1_1.jpg?ts=1690196395216', 'https:\/\/static.zara.net\/photos\/\/\/2023\/I\/0\/2\/p\/3332\/300\/500\/2\/w\/1920\/3332300500_6_2_1.jpg?ts=1690196398099', 'https:\/\/static.zara.net\/photos\/\/\/2023\/I\/0\/2\/p\/3332\/300\/500\/2\/w\/1920\/3332300500_6_3_1.jpg?ts=1690196399587']","terms":"sweaters","section":"MAN"},{"brand":"Zara","url":"https:\/\/www.zara.com\/us\/en\/braided-color-block-sweater-p03284412.html","name":"BRAIDED COLOR BLOCK SWEATER","description":"Round neck long sleeve full cut sweater. Rib trim.","price":69.9,"currency":"USD","images":"['https:\/\/static.zara.net\/photos\/\/\/2024\/V\/0\/2\/p\/3284\/412\/707\/2\/w\/1920\/3284412707_1_1_1.jpg?ts=1707922962733', 'https:\/\/static.zara.net\/photos\/\/\/2024\/V\/0\/2\/p\/3284\/412\/707\/2\/w\/1920\/3284412707_2_1_1.jpg?ts=1707922963055', 'https:\/\/static.zara.net\/photos\/\/\/2024\/V\/0\/2\/p\/3284\/412\/707\/2\/w\/1920\/3284412707_2_2_1.jpg?ts=1707922963018', 'https:\/\/static.zara.net\/photos\/\/\/2024\/V\/0\/2\/p\/3284\/412\/707\/2\/w\/1920\/3284412707_2_3_1.jpg?ts=1707922962483', 'https:\/\/static.zara.net\/photos\/\/\/2024\/V\/0\/1\/p\/3284\/412\/707\/2\/w\/1920\/3284412707_2_4_1.jpg?ts=1707931046261', 'https:\/\/static.zara.net\/photos\/\/\/2024\/V\/0\/2\/p\/3284\/412\/707\/2\/w\/1920\/3284412707_2_5_1.jpg?ts=1707922962684', 'https:\/\/static.zara.net\/photos\/\/\/2024\/V\/0\/2\/p\/3284\/412\/707\/2\/w\/1920\/3284412707_6_1_1.jpg?ts=1707742465566', 'https:\/\/static.zara.net\/photos\/\/\/2024\/V\/0\/2\/p\/3284\/412\/707\/2\/w\/1920\/3284412707_6_2_1.jpg?ts=1707742465254', 'https:\/\/static.zara.net\/photos\/\/\/2024\/V\/0\/2\/p\/3284\/412\/707\/2\/w\/1920\/3284412707_6_3_1.jpg?ts=1707742467544']","terms":"sweaters","section":"MAN"},{"brand":"Zara","url":"https:\/\/www.zara.com\/us\/en\/contrast-interior-sweater-p04696400.html","name":"CONTRAST INTERIOR SWEATER","description":"Cotton blend sweater. Round neck and long sleeves. Contrast interior. Rib trim.","price":59.9,"currency":"USD","images":"['https:\/\/static.zara.net\/photos\/\/\/2024\/V\/0\/2\/p\/4696\/400\/803\/2\/w\/1920\/4696400803_1_1_1.jpg?ts=1707411080281', 'https:\/\/static.zara.net\/photos\/\/\/2024\/V\/0\/2\/p\/4696\/400\/803\/2\/w\/1920\/4696400803_2_1_1.jpg?ts=1707411081266', 'https:\/\/static.zara.net\/photos\/\/\/2024\/V\/0\/2\/p\/4696\/400\/803\/2\/w\/1920\/4696400803_2_2_1.jpg?ts=1707411081006', 'https:\/\/static.zara.net\/photos\/\/\/2024\/V\/0\/2\/p\/4696\/400\/803\/2\/w\/1920\/4696400803_2_3_1.jpg?ts=1707411079766', 'https:\/\/static.zara.net\/photos\/\/\/2024\/V\/0\/2\/p\/4696\/400\/803\/2\/w\/1920\/4696400803_2_4_1.jpg?ts=1707411080885', 'https:\/\/static.zara.net\/photos\/\/\/2024\/V\/0\/2\/p\/4696\/400\/803\/2\/w\/1920\/4696400803_2_5_1.jpg?ts=1707411081153', 'https:\/\/static.zara.net\/photos\/\/\/2024\/V\/0\/2\/p\/4696\/400\/803\/2\/w\/1920\/4696400803_6_1_1.jpg?ts=1707396111850', 'https:\/\/static.zara.net\/photos\/\/\/2024\/V\/0\/2\/p\/4696\/400\/803\/2\/w\/1920\/4696400803_6_2_1.jpg?ts=1707396111845', 'https:\/\/static.zara.net\/photos\/\/\/2024\/V\/0\/2\/p\/4696\/400\/803\/2\/w\/1920\/4696400803_6_3_1.jpg?ts=1707396112049']","terms":"sweaters","section":"MAN"}]