[{"brand":"Zara","url":"https:\/\/www.zara.com\/us\/en\/text-print-sweatshirt-p00679403.html","name":"TEXT PRINT SWEATSHIRT","description":"Full cut short sleeve sweatshirt with round neck. Front contrast printed text.","price":45.9,"currency":"USD","images":"['https:\/\/static.zara.net\/photos\/\/\/2024\/V\/0\/2\/p\/0679\/403\/600\/2\/w\/1920\/0679403600_1_1_1.jpg?ts=1707729986606', 'https:\/\/static.zara.net\/photos\/\/\/2024\/V\/0\/2\/p\/0679\/403\/600\/2\/w\/1920\/0679403600_2_1_1.jpg?ts=1707729982124', 'https:\/\/static.zara.net\/photos\/\/\/2024\/V\/0\/2\/p\/0679\/403\/600\/2\/w\/1920\/0679403600_2_2_1.jpg?ts=1707729984820', 'https:\/\/static.zara.net\/photos\/\/\/2024\/V\/0\/2\/p\/0679\/403\/600\/2\/w\/1920\/0679403600_2_3_1.jpg?ts=1707729985461', 'https:\/\/static.zara.net\/photos\/\/\/2024\/V\/0\/2\/p\/0679\/403\/600\/2\/w\/1920\/0679403600_6_1_1.jpg?ts=1707403681441', 'https:\/\/static.zara.net\/photos\/\/\/2024\/V\/0\/2\/p\/0679\/403\/600\/2\/w\/1920\/0679403600_6_2_1.jpg?ts=1707403681689', 'https:\/\/static.zara.net\/photos\/\/\/2024\/V\/0\/2\/p\/0679\/403\/600\/2\/w\/1920\/0679403600_6_3_1.jpg?ts=1707403684247']","terms":"sweatshirts","section":"MAN"},{"brand":"Zara","url":"https:\/\/www.zara.com\/us\/en\/washed-crewneck-sweatshirt-p00039443.html","name":"WASHED CREWNECK SWEATSHIRT","description":"Full cut sweatshirt with round neck and long sleeves. Washed effect. Rib trim.\n\nThe item has a unique look due to its special washing process. For this reason, the color may differ slightly from that seen in the photo.","price":49.9,"currency":"USD","images":"['https:\/\/static.zara.net\/photos\/\/\/2024\/V\/0\/2\/p\/0039\/443\/807\/2\/w\/1920\/0039443807_1_1_1.jpg?ts=1705052046360', 'https:\/\/static.zara.net\/photos\/\/\/2024\/V\/0\/2\/p\/0039\/443\/807\/2\/w\/1920\/0039443807_2_1_1.jpg?ts=1705052046117', 'https:\/\/static.zara.net\/photos\/\/\/2024\/V\/0\/2\/p\/0039\/443\/807\/2\/w\/1920\/0039443807_2_2_1.jpg?ts=1705052046167', 'https:\/\/static.zara.net\/photos\/\/\/2024\/V\/0\/2\/p\/0039\/443\/807\/2\/w\/1920\/0039443807_2_3_1.jpg?ts=1705052046061', 'https:\/\/static.zara.net\/photos\/\/\/2024\/V\/0\/2\/p\/0039\/443\/807\/2\/w\/1920\/0039443807_2_4_1.jpg?ts=1705052050320', 'https:\/\/static.zara.net\/photos\/\/\/2024\/V\/0\/2\/p\/0039\/443\/807\/2\/w\/1920\/0039443807_2_5_1.jpg?ts=1705052050316', 'https:\/\/static.zara.net\/photos\/\/\/2024\/V\/0\/2\/p\/0039\/443\/807\/2\/w\/1920\/0039443807_6_1_1.jpg?ts=1704970282135', 'https:\/\/static.zara.net\/photos\/\/\/2024\/V\/0\/2\/p\/0039\/443\/807\/2\/w\/1920\/0039443807_6_2_1.jpg?ts=1704970282436', 'https:\/\/static.zara.net\/photos\/\/\/2024\/V\/0\/2\/p\/0039\/443\/807\/2\/w\/1920\/0039443807_6_3_1.jpg?ts=1704970284414']","terms":"sweatshirts","section":"MAN"},{"brand":"Zara","url":"https:\/\/www.zara.com\/us\/en\/boxy-fit-washed-sweatshirt-p03854401.html","name":"BOXY FIT WASHED SWEATSHIRT","description":"Boxy fit sweatshirt. Round neck and short sleeves. Washed effect.\n\nThe item has a unique look due to its special washing process. For this reason, the color may differ slightly from that seen in the photo.","price":45.9,"currency":"USD","images":"['https:\/\/static.zara.net\/photos\/\/\/2024\/V\/0\/2\/p\/3854\/401\/898\/2\/w\/1920\/3854401898_1_1_1.jpg?ts=1705052049753', 'https:\/\/static.zara.net\/photos\/\/\/2024\/V\/0\/2\/p\/3854\/401\/898\/2\/w\/1920\/3854401898_2_1_1.jpg?ts=1705052049587', 'https:\/\/static.zara.net\/photos\/\/\/2024\/V\/0\/2\/p\/3854\/401\/898\/2\/w\/1920\/3854401898_2_2_1.jpg?ts=1705052049589', 'https:\/\/static.zara.net\/photos\/\/\/2024\/V\/0\/2\/p\/3854\/401\/898\/2\/w\/1920\/3854401898_2_3_1.jpg?ts=1705052049659', 'https:\/\/static.zara.net\/photos\/\/\/2024\/V\/0\/2\/p\/3854\/401\/898\/2\/w\/1920\/3854401898_2_4_1.jpg?ts=1705052049668', 'https:\/\/static.zara.net\/photos\/\/\/2024\/V\/0\/2\/p\/3854\/401\/898\/2\/w\/1920\/3854401898_2_5_1.jpg?ts=1705052049710', 'https:\/\/static.zara.net\/photos\/\/\/2024\/V\/0\/2\/p\/3854\/401\/898\/2\/w\/1920\/3854401898_6_1_1.jpg?ts=1704970283631', 'https:\/\/static.zara.net\/photos\/\/\/2024\/V\/0\/2\/p\/3854\/401\/898\/2\/w\/1920\/3854401898_6_2_1.jpg?ts=1704970282732', 'https:\/\/static.zara.net\/photos\/\/\/2024\/V\/0\/2\/p\/3854\/401\/898\/2\/w\/1920\/3854401898_6_3_1.jpg?ts=1704970284142']","terms":"sweatshirts","section":"MAN"},{"brand":"Zara","url":"https:\/\/www.zara.com\/us\/en\/textured-faux-fur-knit-sweatshirt-p05536403.html","name":"TEXTURED FAUX FUR KNIT SWEATSHIRT","description":"Fur texture fabric hoodie sweatshirt. Hooded collar and long sleeves. Rib trim.","price":69.9,"currency":"USD","images":"['https:\/\/static.zara.net\/photos\/\/\/2024\/V\/0\/2\/p\/5536\/403\/600\/2\/w\/1920\/5536403600_1_1_1.jpg?ts=1705667399074', 'https:\/\/static.zara.net\/photos\/\/\/2024\/V\/0\/2\/p\/5536\/403\/600\/2\/w\/1920\/5536403600_2_1_1.jpg?ts=1705667401251', 'https:\/\/static.zara.net\/photos\/\/\/2024\/V\/0\/2\/p\/5536\/403\/600\/2\/w\/1920\/5536403600_2_2_1.jpg?ts=1705667401808', 'https:\/\/static.zara.net\/photos\/\/\/2024\/V\/0\/2\/p\/5536\/403\/600\/2\/w\/1920\/5536403600_2_3_1.jpg?ts=1705667397421', 'https:\/\/static.zara.net\/photos\/\/\/2024\/V\/0\/2\/p\/5536\/403\/600\/2\/w\/1920\/5536403600_2_4_1.jpg?ts=1705667402271', 'https:\/\/static.zara.net\/photos\/\/\/2024\/V\/0\/2\/p\/5536\/403\/600\/2\/w\/1920\/5536403600_6_1_1.jpg?ts=1705566328097', 'https:\/\/static.zara.net\/photos\/\/\/2024\/V\/0\/2\/p\/5536\/403\/600\/2\/w\/1920\/5536403600_6_2_1.jpg?ts=1705566327915', 'https:\/\/static.zara.net\/photos\/\/\/2024\/V\/0\/2\/p\/5536\/403\/600\/2\/w\/1920\/5536403600_6_3_1.jpg?ts=1705566329286']","terms":"sweatshirts","section":"MAN"},{"brand":"Zara","url":"https:\/\/www.zara.com\/us\/en\/zip-collar-sweatshirt-p06462330.html","name":"ZIP COLLAR SWEATSHIRT","description":"High collar sweatshirt with front zip closure. Long sleeves. Rib trim.","price":45.9,"currency":"USD","images":"['https:\/\/static.zara.net\/photos\/\/\/2024\/V\/0\/2\/p\/6462\/410\/800\/2\/w\/1920\/6462410800_1_1_1.jpg?ts=1700069626561', 'https:\/\/static.zara.net\/photos\/\/\/2024\/V\/0\/2\/p\/6462\/410\/800\/2\/w\/1920\/6462410800_2_1_1.jpg?ts=1700044872044', 'https:\/\/static.zara.net\/photos\/\/\/2024\/V\/0\/2\/p\/6462\/410\/800\/2\/w\/1920\/6462410800_2_2_1.jpg?ts=1700069626373', 'https:\/\/static.zara.net\/photos\/\/\/2024\/V\/0\/2\/p\/6462\/410\/800\/2\/w\/1920\/6462410800_2_3_1.jpg?ts=1700044869791', 'https:\/\/static.zara.net\/photos\/\/\/2024\/V\/0\/2\/p\/6462\/410\/800\/2\/w\/1920\/6462410800_2_4_1.jpg?ts=1700044873489', 'https:\/\/static.zara.net\/photos\/\/\/2024\/V\/0\/2\/p\/6462\/410\/800\/2\/w\/1920\/6462410800_2_5_1.jpg?ts=1700044871270', 'https:\/\/static.zara.net\/photos\/\/\/2024\/V\/0\/2\/p\/6462\/410\/800\/2\/w\/1920\/6462410800_6_1_1.jpg?ts=1699950925766', 'https:\/\/static.zara.net\/photos\/\/\/2024\/V\/0\/2\/p\/6462\/410\/800\/2\/w\/1920\/6462410800_6_2_1.jpg?ts=1699950925917', 'https:\/\/static.zara.net\/photos\/\/\/2024\/V\/0\/2\/p\/6462\/410\/800\/2\/w\/1920\/6462410800_6_3_1.jpg?ts=1699950925983', 'https:\/\/static.zara.net\/photos\/\/\/2024\/V\/0\/2\/p\/6462\/410\/800\/2\/w\/1920\/6462410800_6_4_1.jpg?ts=1699950926040']","terms":"sweatshirts","section":"MAN"}]