[{"brand":"Zara","url":"https:\/\/www.zara.com\/us\/en\/faux-leather-t-shirt-p08281665.html","name":"FAUX LEATHER T-SHIRT","description":"Relaxed fit T-shirt made of faux leather. Round neck and short sleeves. Chest patch pocket.","price":49.9,"currency":"USD","images":"['https:\/\/static.zara.net\/photos\/\/\/2024\/V\/0\/2\/p\/8281\/665\/800\/2\/w\/1920\/8281665800_6_1_1.jpg?ts=1707295791000', 'https:\/\/static.zara.net\/photos\/\/\/2024\/V\/0\/2\/p\/8281\/665\/800\/2\/w\/1920\/8281665800_6_2_1.jpg?ts=1707295790429', 'https:\/\/static.zara.net\/photos\/\/\/2024\/V\/0\/2\/p\/8281\/665\/800\/2\/w\/1920\/8281665800_6_3_1.jpg?ts=1707295794003']","terms":"t-shirts","section":"MAN"},{"brand":"Zara","url":"https:\/\/www.zara.com\/us\/en\/washed-effect-knit-t-shirt-p04805407.html","name":"WASHED EFFECT KNIT T-SHIRT","description":"Cropped tank top. Round neckline. Washed effect. Irregular trim.","price":35.9,"currency":"USD","images":"['https:\/\/static.zara.net\/photos\/\/\/2024\/V\/0\/2\/p\/4805\/407\/801\/2\/w\/1920\/4805407801_1_1_1.jpg?ts=1707903398759', 'https:\/\/static.zara.net\/photos\/\/\/2024\/V\/0\/2\/p\/4805\/407\/801\/2\/w\/1920\/4805407801_2_1_1.jpg?ts=1707903399565', 'https:\/\/static.zara.net\/photos\/\/\/2024\/V\/0\/2\/p\/4805\/407\/801\/2\/w\/1920\/4805407801_2_2_1.jpg?ts=1707903399257', 'https:\/\/static.zara.net\/photos\/\/\/2024\/V\/0\/2\/p\/4805\/407\/801\/2\/w\/1920\/4805407801_2_3_1.jpg?ts=1707903398850', 'https:\/\/static.zara.net\/photos\/\/\/2024\/V\/0\/2\/p\/4805\/407\/801\/2\/w\/1920\/4805407801_2_4_1.jpg?ts=1707903400136', 'https:\/\/static.zara.net\/photos\/\/\/2024\/V\/0\/2\/p\/4805\/407\/801\/2\/w\/1920\/4805407801_6_1_1.jpg?ts=1707742465919', 'https:\/\/static.zara.net\/photos\/\/\/2024\/V\/0\/2\/p\/4805\/407\/801\/2\/w\/1920\/4805407801_6_2_1.jpg?ts=1707742465478', 'https:\/\/static.zara.net\/photos\/\/\/2024\/V\/0\/2\/p\/4805\/407\/801\/2\/w\/1920\/4805407801_6_3_1.jpg?ts=1707742467572']","terms":"t-shirts","section":"MAN"},{"brand":"Zara","url":"https:\/\/www.zara.com\/us\/en\/acid-wash-t-shirt-p00962447.html","name":"ACID WASH T-SHIRT","description":"Full cut T-shirt with round neck and short sleeves. Tonal front print. Washed effect.\n\nThe item has a unique look due to its special washing process. For this reason, the color may differ slightly from that seen in the photo.","price":39.9,"currency":"USD","images":"['https:\/\/static.zara.net\/photos\/\/\/2024\/V\/0\/2\/p\/0962\/447\/822\/2\/w\/1920\/0962447822_6_1_1.jpg?ts=1707144205163', 'https:\/\/static.zara.net\/photos\/\/\/2024\/V\/0\/2\/p\/0962\/447\/822\/2\/w\/1920\/0962447822_6_2_1.jpg?ts=1707144205173', 'https:\/\/static.zara.net\/photos\/\/\/2024\/V\/0\/2\/p\/0962\/447\/822\/2\/w\/1920\/0962447822_6_3_1.jpg?ts=1707144205253']","terms":"t-shirts","section":"MAN"},{"brand":"Zara","url":"https:\/\/www.zara.com\/us\/en\/basic-slim-fit-t-shirt-p05584361.html","name":"BASIC SLIM FIT T-SHIRT","description":"Slim fit shirt. Round neck and short sleeves.","price":19.9,"currency":"USD","images":"['https:\/\/static.zara.net\/photos\/\/\/2024\/V\/0\/2\/p\/5584\/261\/800\/2\/w\/1920\/5584261800_1_1_1.jpg?ts=1701435203369', 'https:\/\/static.zara.net\/photos\/\/\/2024\/V\/0\/2\/p\/5584\/261\/800\/2\/w\/1920\/5584261800_2_1_1.jpg?ts=1701435203622', 'https:\/\/static.zara.net\/photos\/\/\/2024\/V\/0\/2\/p\/5584\/261\/800\/2\/w\/1920\/5584261800_2_2_1.jpg?ts=1701435203367', 'https:\/\/static.zara.net\/photos\/\/\/2024\/V\/0\/2\/p\/5584\/261\/800\/2\/w\/1920\/5584261800_2_3_1.jpg?ts=1701435203364', 'https:\/\/static.zara.net\/photos\/\/\/2024\/V\/0\/2\/p\/5584\/261\/800\/2\/w\/1920\/5584261800_2_4_1.jpg?ts=1701435203750', 'https:\/\/static.zara.net\/photos\/\/\/2024\/V\/0\/2\/p\/5584\/261\/800\/2\/w\/1920\/5584261800_2_5_1.jpg?ts=1701435203822', 'https:\/\/static.zara.net\/photos\/\/\/2024\/V\/0\/2\/p\/5584\/261\/800\/2\/w\/1920\/5584261800_6_1_1.jpg?ts=1701355301897', 'https:\/\/static.zara.net\/photos\/\/\/2024\/V\/0\/2\/p\/5584\/261\/800\/2\/w\/1920\/5584261800_6_2_1.jpg?ts=1701355301950', 'https:\/\/static.zara.net\/photos\/\/\/2024\/V\/0\/2\/p\/5584\/261\/800\/2\/w\/1920\/5584261800_6_3_1.jpg?ts=1701355303024']","terms":"t-shirts","section":"MAN"},{"brand":"Zara","url":"https:\/\/www.zara.com\/us\/en\/cropped-washed-t-shirt-p03665403.html","name":"CROPPED WASHED T-SHIRT","description":"Cropped fit T-shirt with round neck and short sleeves. Contrasting front and back prints. Washed effect.","price":39.9,"currency":"USD","images":"['https:\/\/static.zara.net\/photos\/\/\/2024\/V\/0\/2\/p\/3665\/403\/707\/2\/w\/1920\/3665403707_1_1_1.jpg?ts=1705480884454', 'https:\/\/static.zara.net\/photos\/\/\/2024\/V\/0\/2\/p\/3665\/403\/707\/2\/w\/1920\/3665403707_2_1_1.jpg?ts=1705480886520', 'https:\/\/static.zara.net\/photos\/\/\/2024\/V\/0\/2\/p\/3665\/403\/707\/2\/w\/1920\/3665403707_2_2_1.jpg?ts=1705480887133', 'https:\/\/static.zara.net\/photos\/\/\/2024\/V\/0\/2\/p\/3665\/403\/707\/2\/w\/1920\/3665403707_2_3_1.jpg?ts=1705480884670', 'https:\/\/static.zara.net\/photos\/\/\/2024\/V\/0\/2\/p\/3665\/403\/707\/2\/w\/1920\/3665403707_2_4_1.jpg?ts=1705480889150', 'https:\/\/static.zara.net\/photos\/\/\/2024\/V\/0\/2\/p\/3665\/403\/707\/2\/w\/1920\/3665403707_6_1_1.jpg?ts=1705336920609', 'https:\/\/static.zara.net\/photos\/\/\/2024\/V\/0\/2\/p\/3665\/403\/707\/2\/w\/1920\/3665403707_6_2_1.jpg?ts=1705336920618', 'https:\/\/static.zara.net\/photos\/\/\/2024\/V\/0\/2\/p\/3665\/403\/707\/2\/w\/1920\/3665403707_6_3_1.jpg?ts=1705336920699']","terms":"t-shirts","section":"MAN"}]