[{"brand":"Zara","url":"https:\/\/www.zara.com\/us\/en\/romantic-lace-top-p08372296.html","name":"ROMANTIC LACE TOP","description":"Top made of cotton. Lace trim round neck, long sleeves, and buttoned cuffs. Tonal embroidery and lace inserts. Back opening with button closure.","price":49.9,"currency":"USD","images":"['https:\/\/static.zara.net\/photos\/\/\/2024\/V\/0\/1\/p\/8372\/296\/712\/2\/w\/1920\/8372296712_1_1_1.jpg?ts=1707923924214', 'https:\/\/static.zara.net\/photos\/\/\/2024\/V\/0\/1\/p\/8372\/296\/712\/2\/w\/1920\/8372296712_2_1_1.jpg?ts=1707923924406', 'https:\/\/static.zara.net\/photos\/\/\/2024\/V\/0\/1\/p\/8372\/296\/712\/2\/w\/1920\/8372296712_6_1_1.jpg?ts=1707930544762', 'https:\/\/static.zara.net\/photos\/\/\/2024\/V\/0\/1\/p\/8372\/296\/712\/2\/w\/1920\/8372296712_6_2_1.jpg?ts=1707930540986', 'https:\/\/static.zara.net\/photos\/\/\/2024\/V\/0\/1\/p\/8372\/296\/712\/2\/w\/1920\/8372296712_6_3_1.jpg?ts=1707930543598']","terms":"tops","section":"WOMAN"},{"brand":"Zara","url":"https:\/\/www.zara.com\/us\/en\/off-the-shoulder-knit-top-p03920144.html","name":"OFF-THE-SHOULDER KNIT TOP","description":"Long sleeve top with foldover straight neckline.","price":47.9,"currency":"USD","images":"['https:\/\/static.zara.net\/photos\/\/\/2023\/I\/0\/1\/p\/3920\/144\/800\/2\/w\/1920\/3920144800_1_1_1.jpg?ts=1698244465449', 'https:\/\/static.zara.net\/photos\/\/\/2024\/V\/0\/1\/p\/3920\/144\/800\/2\/w\/1920\/3920144800_2_1_1.jpg?ts=1705393051721', 'https:\/\/static.zara.net\/photos\/\/\/2023\/I\/0\/1\/p\/3920\/144\/800\/2\/w\/1920\/3920144800_2_2_1.jpg?ts=1698244465505', 'https:\/\/static.zara.net\/photos\/\/\/2023\/I\/0\/1\/p\/3920\/144\/800\/2\/w\/1920\/3920144800_2_3_1.jpg?ts=1698244468912', 'https:\/\/static.zara.net\/photos\/\/\/2023\/I\/0\/1\/p\/3920\/144\/800\/2\/w\/1920\/3920144800_2_4_1.jpg?ts=1698244469156', 'https:\/\/static.zara.net\/photos\/\/\/2023\/I\/0\/1\/p\/3920\/144\/800\/2\/w\/1920\/3920144800_2_5_1.jpg?ts=1698244467778', 'https:\/\/static.zara.net\/photos\/\/\/2023\/I\/0\/1\/p\/3920\/144\/800\/2\/w\/1920\/3920144800_6_1_1.jpg?ts=1698155939934', 'https:\/\/static.zara.net\/photos\/\/\/2023\/I\/0\/1\/p\/3920\/144\/800\/2\/w\/1920\/3920144800_6_2_1.jpg?ts=1698155939419', 'https:\/\/static.zara.net\/photos\/\/\/2023\/I\/0\/1\/p\/3920\/144\/800\/2\/w\/1920\/3920144800_6_3_1.jpg?ts=1698155940043', 'https:\/\/static.zara.net\/photos\/\/\/2023\/I\/0\/1\/p\/3920\/144\/800\/2\/w\/1920\/3920144800_6_4_1.jpg?ts=1698155939080']","terms":"tops","section":"WOMAN"},{"brand":"Zara","url":"https:\/\/www.zara.com\/us\/en\/draped-satin-effect-top-p02375373.html","name":"DRAPED SATIN EFFECT TOP","description":"Sleeveless round neck twisted top. Ruching detail at sides.","price":35.9,"currency":"USD","images":"['https:\/\/static.zara.net\/photos\/\/\/2024\/V\/0\/1\/p\/2375\/373\/644\/2\/w\/1920\/2375373644_1_1_1.jpg?ts=1707483994099', 'https:\/\/static.zara.net\/photos\/\/\/2024\/V\/0\/1\/p\/2375\/373\/644\/2\/w\/1920\/2375373644_2_1_1.jpg?ts=1707483994644', 'https:\/\/static.zara.net\/photos\/\/\/2024\/V\/0\/1\/p\/2375\/373\/644\/2\/w\/1920\/2375373644_6_1_1.jpg?ts=1707992986781', 'https:\/\/static.zara.net\/photos\/\/\/2024\/V\/0\/1\/p\/2375\/373\/644\/2\/w\/1920\/2375373644_6_2_1.jpg?ts=1707229597655', 'https:\/\/static.zara.net\/photos\/\/\/2024\/V\/0\/1\/p\/2375\/373\/644\/2\/w\/1920\/2375373644_6_3_1.jpg?ts=1707229599635', 'https:\/\/static.zara.net\/photos\/\/\/2024\/V\/0\/1\/p\/2375\/373\/644\/2\/w\/1920\/2375373644_6_4_1.jpg?ts=1707229599760']","terms":"tops","section":"WOMAN"},{"brand":"Zara","url":"https:\/\/www.zara.com\/us\/en\/satin-effect-top-with-bow-p02170331.html","name":"SATIN EFFECT TOP WITH BOW","description":"V-neck top with adjustable spaghetti straps. Front tie closure.","price":35.9,"currency":"USD","images":"['https:\/\/static.zara.net\/photos\/\/\/2024\/V\/0\/1\/p\/2170\/331\/800\/2\/w\/1920\/2170331800_1_1_1.jpg?ts=1708117759832', 'https:\/\/static.zara.net\/photos\/\/\/2024\/V\/0\/1\/p\/2170\/331\/800\/2\/w\/1920\/2170331800_2_1_1.jpg?ts=1708117758732', 'https:\/\/static.zara.net\/photos\/\/\/2024\/V\/0\/1\/p\/2170\/331\/800\/2\/w\/1920\/2170331800_2_2_1.jpg?ts=1708117760933', 'https:\/\/static.zara.net\/photos\/\/\/2024\/V\/0\/1\/p\/2170\/331\/800\/2\/w\/1920\/2170331800_2_3_1.jpg?ts=1708117760832', 'https:\/\/static.zara.net\/photos\/\/\/2024\/V\/0\/1\/p\/2170\/331\/800\/2\/w\/1920\/2170331800_2_4_1.jpg?ts=1708117761505', 'https:\/\/static.zara.net\/photos\/\/\/2024\/V\/0\/1\/p\/2170\/331\/800\/2\/w\/1920\/2170331800_6_1_1.jpg?ts=1708014854708', 'https:\/\/static.zara.net\/photos\/\/\/2024\/V\/0\/1\/p\/2170\/331\/800\/2\/w\/1920\/2170331800_6_2_1.jpg?ts=1708014856062', 'https:\/\/static.zara.net\/photos\/\/\/2024\/V\/0\/1\/p\/2170\/331\/800\/2\/w\/1920\/2170331800_6_3_1.jpg?ts=1708014854623']","terms":"tops","section":"WOMAN"},{"brand":"Zara","url":"https:\/\/www.zara.com\/us\/en\/corset-style-denim-top-trf-p04060254.html","name":"CORSET STYLE DENIM TOP TRF","description":"Fitted top with straight neck and exposed shoulders. Elastic smocked fabric at back. Frayed hem. Front metal zip closure.","price":39.9,"currency":"USD","images":"['https:\/\/static.zara.net\/photos\/\/\/2024\/V\/0\/1\/p\/4060\/254\/800\/2\/w\/1920\/4060254800_1_1_1.jpg?ts=1708089504861', 'https:\/\/static.zara.net\/photos\/\/\/2024\/V\/0\/1\/p\/4060\/254\/800\/2\/w\/1920\/4060254800_2_1_1.jpg?ts=1708089505058', 'https:\/\/static.zara.net\/photos\/\/\/2024\/V\/0\/1\/p\/4060\/254\/800\/2\/w\/1920\/4060254800_2_2_1.jpg?ts=1708089504847', 'https:\/\/static.zara.net\/photos\/\/\/2024\/V\/0\/1\/p\/4060\/254\/800\/2\/w\/1920\/4060254800_2_3_1.jpg?ts=1708089504846', 'https:\/\/static.zara.net\/photos\/\/\/2024\/V\/0\/1\/p\/4060\/254\/800\/2\/w\/1920\/4060254800_6_1_1.jpg?ts=1707405192005', 'https:\/\/static.zara.net\/photos\/\/\/2024\/V\/0\/1\/p\/4060\/254\/800\/2\/w\/1920\/4060254800_6_2_1.jpg?ts=1707405191956', 'https:\/\/static.zara.net\/photos\/\/\/2024\/V\/0\/1\/p\/4060\/254\/800\/2\/w\/1920\/4060254800_6_3_1.jpg?ts=1707405193756']","terms":"tops","section":"WOMAN"}]