[{"brand":"Zara","url":"https:\/\/www.zara.com\/us\/en\/technical-backpack-p13228320.html","name":"TECHNICAL BACKPACK","description":"Technical fabric backpack. Main compartment with zip closure placed at front. Three interior mesh pockets, two flat and one with zip closure. Large zip mesh pocket on flap. Side heat-sealed pocket with zip closure. Two handles at top and bottom and a side handle. Two adjustable, breathable, quilted shoulder straps. Quilted back to increase comfort during use. Adjustable chest strap with sport closure.\n\nATHLETICZ Collection\n\nHeight x Length x Width: 16.9 x 12.2 x 5.5 inches (43 x 31 x 14 cm)","price":89.9,"currency":"USD","images":"['https:\/\/static.zara.net\/photos\/\/\/2024\/V\/1\/2\/p\/3228\/320\/800\/2\/w\/1920\/3228320800_6_1_1.jpg?ts=1707741018054', 'https:\/\/static.zara.net\/photos\/\/\/2024\/V\/1\/2\/p\/3228\/320\/800\/2\/w\/1920\/3228320800_6_2_1.jpg?ts=1707741018033', 'https:\/\/static.zara.net\/photos\/\/\/2024\/V\/1\/2\/p\/3228\/320\/800\/2\/w\/1920\/3228320800_6_3_1.jpg?ts=1707741018089', 'https:\/\/static.zara.net\/photos\/\/\/2024\/V\/1\/2\/p\/3228\/320\/800\/2\/w\/1920\/3228320800_6_4_1.jpg?ts=1707741018246', 'https:\/\/static.zara.net\/photos\/\/\/2024\/V\/1\/2\/p\/3228\/320\/800\/2\/w\/1920\/3228320800_6_5_1.jpg?ts=1707741018050', 'https:\/\/static.zara.net\/photos\/\/\/2024\/V\/1\/2\/p\/3228\/320\/800\/2\/w\/1920\/3228320800_6_6_1.jpg?ts=1707741018050', 'https:\/\/static.zara.net\/photos\/\/\/2024\/V\/1\/2\/p\/3228\/320\/800\/2\/w\/1920\/3228320800_6_7_1.jpg?ts=1707741018357']","terms":"tracksuits","section":"MAN"},{"brand":"Zara","url":"https:\/\/www.zara.com\/us\/en\/casual-suede-loafers-p12645320.html","name":"CASUAL SUEDE LOAFERS","description":"Loafers. Made of leather with a suede finish. Smooth upper with rolled seam detail. Rounded shape. Chunky sole.","price":89.9,"currency":"USD","images":"['https:\/\/static.zara.net\/photos\/\/\/2024\/V\/1\/2\/p\/2645\/320\/832\/2\/w\/1920\/2645320832_2_1_1.jpg?ts=1707920423598', 'https:\/\/static.zara.net\/photos\/\/\/2024\/V\/1\/2\/p\/2645\/320\/832\/2\/w\/1920\/2645320832_2_2_1.jpg?ts=1707920424205', 'https:\/\/static.zara.net\/photos\/\/\/2024\/V\/1\/2\/p\/2645\/320\/832\/2\/w\/1920\/2645320832_6_1_1.jpg?ts=1707391331414', 'https:\/\/static.zara.net\/photos\/\/\/2024\/V\/1\/2\/p\/2645\/320\/832\/2\/w\/1920\/2645320832_6_2_1.jpg?ts=1707391167165', 'https:\/\/static.zara.net\/photos\/\/\/2024\/V\/1\/2\/p\/2645\/320\/832\/2\/w\/1920\/2645320832_6_3_1.jpg?ts=1707391167238', 'https:\/\/static.zara.net\/photos\/\/\/2024\/V\/1\/2\/p\/2645\/320\/832\/2\/w\/1920\/2645320832_6_4_1.jpg?ts=1707391167276']","terms":"tracksuits","section":"MAN"},{"brand":"Zara","url":"https:\/\/www.zara.com\/us\/en\/chunky-sole-penny-loafers-with-metallic-detail-p12603320.html","name":"CHUNKY SOLE PENNY LOAFERS WITH METALLIC DETAIL","description":"Loafers. Smooth upper. Ornamental saddle detail at instep. Back metal appliqu\u00e9. Double welt around upper. Chunky lug soles.","price":69.9,"currency":"USD","images":"['https:\/\/static.zara.net\/photos\/\/\/2024\/V\/1\/2\/p\/2603\/320\/800\/2\/w\/1920\/2603320800_2_1_1.jpg?ts=1706003330444', 'https:\/\/static.zara.net\/photos\/\/\/2024\/V\/1\/2\/p\/2603\/320\/800\/2\/w\/1920\/2603320800_2_2_1.jpg?ts=1706003330692', 'https:\/\/static.zara.net\/photos\/\/\/2024\/V\/1\/2\/p\/2603\/320\/800\/2\/2603320800_16_1_1\/w\/1920\/poster.glb?ts=1705657340595', 'https:\/\/static.zara.net\/photos\/\/\/2024\/V\/1\/2\/p\/2603\/320\/800\/2\/w\/1920\/2603320800_6_1_1.jpg?ts=1702381524915', 'https:\/\/static.zara.net\/photos\/\/\/2024\/V\/1\/2\/p\/2603\/320\/800\/2\/w\/1920\/2603320800_6_2_1.jpg?ts=1702381524698', 'https:\/\/static.zara.net\/photos\/\/\/2024\/V\/1\/2\/p\/2603\/320\/800\/2\/w\/1920\/2603320800_6_3_1.jpg?ts=1702381524697', 'https:\/\/static.zara.net\/photos\/\/\/2024\/V\/1\/2\/p\/2603\/320\/800\/2\/w\/1920\/2603320800_6_4_1.jpg?ts=1702381524672']","terms":"tracksuits","section":"MAN"},{"brand":"Zara","url":"https:\/\/www.zara.com\/us\/en\/silver-sport-duffle-bag-p13107320.html","name":"SILVER SPORT DUFFLE BAG","description":"Duffel bag. Soft construction. Main compartment with zip closure. Large interior pocket with adhesive closure. Small front zip pocket. Two handles and one adjustable and removable shoulder strap. Athletic closure detail at front straps.\n\nZara Athleticz.\n\nHeight x Length x Width: 9.8 x 16.9 x 9.1 inches (25 x 43 x 23 cm)","price":89.9,"currency":"USD","images":"['https:\/\/static.zara.net\/photos\/\/\/2024\/V\/1\/2\/p\/3107\/320\/808\/2\/3107320808_16_1_1\/w\/1920\/poster.glb?ts=1704902389302', 'https:\/\/static.zara.net\/photos\/\/\/2024\/V\/1\/2\/p\/3107\/320\/808\/2\/w\/1920\/3107320808_6_1_1.jpg?ts=1700044110943', 'https:\/\/static.zara.net\/photos\/\/\/2024\/V\/1\/2\/p\/3107\/320\/808\/2\/w\/1920\/3107320808_6_2_1.jpg?ts=1700044110937', 'https:\/\/static.zara.net\/photos\/\/\/2024\/V\/1\/2\/p\/3107\/320\/808\/2\/w\/1920\/3107320808_6_3_1.jpg?ts=1700044110849', 'https:\/\/static.zara.net\/photos\/\/\/2024\/V\/1\/2\/p\/3107\/320\/808\/2\/w\/1920\/3107320808_6_4_1.jpg?ts=1700044110873']","terms":"tracksuits","section":"MAN"},{"brand":"Zara","url":"https:\/\/www.zara.com\/us\/en\/technical-backpack-p13211320.html","name":"SPORT BACKPACK","description":"Multi-pocket backpack. Upper in a combination of materials and colors. Main compartment features zip closure at upper part and clip closures. Two small front pockets with zip closure. Each side has a small adjustable mesh pocket. One handle and two adjustable shoulder straps. Ergonomic quilted back to increase comfort during use. Adjustable chest strap with sport closure.\n\nZara Athleticz.\n\nHeight x Length x Width: 17.1 x 11 x 5.5 inches (43.5 x 28 x 14 cm)","price":69.9,"currency":"USD","images":"['https:\/\/static.zara.net\/photos\/\/\/2024\/V\/1\/2\/p\/3211\/320\/808\/2\/3211320808_16_1_1\/w\/1920\/poster.glb?ts=1704461035673', 'https:\/\/static.zara.net\/photos\/\/\/2024\/V\/1\/2\/p\/3211\/320\/808\/2\/w\/1920\/3211320808_6_1_1.jpg?ts=1699979612388', 'https:\/\/static.zara.net\/photos\/\/\/2024\/V\/1\/2\/p\/3211\/320\/808\/2\/w\/1920\/3211320808_6_2_1.jpg?ts=1699979612375', 'https:\/\/static.zara.net\/photos\/\/\/2024\/V\/1\/2\/p\/3211\/320\/808\/2\/w\/1920\/3211320808_6_3_1.jpg?ts=1699979612403', 'https:\/\/static.zara.net\/photos\/\/\/2024\/V\/1\/2\/p\/3211\/320\/808\/2\/w\/1920\/3211320808_6_4_1.jpg?ts=1699979612422', 'https:\/\/static.zara.net\/photos\/\/\/2024\/V\/1\/2\/p\/3211\/320\/808\/2\/w\/1920\/3211320808_6_5_1.jpg?ts=1699979612421']","terms":"tracksuits","section":"MAN"}]